area_code,date_code,years_of_quality_life,sex,age,simd_quintiles,urban_rural_classification
S12000008,2016-2018,40.03,Male,20-24 years,All,All
S12000008,2016-2018,20.01,Male,45-49 years,All,All
S12000008,2016-2018,0.82,Male,90 years,All,All
S12000045,2016-2018,69.69,Male,0 years,All,All
S12000008,2016-2018,44.5,Male,15-19 years,All,All
S12000008,2016-2018,31.65,Male,30-34 years,All,All
S12000028,2016-2018,34.83,Male,30-34 years,All,All
S12000028,2016-2018,52.7,Male,10-14 years,All,All
S12000028,2016-2018,22.82,Male,45-49 years,All,All
S12000008,2016-2018,2.3,Male,80-84 years,All,All
S12000008,2016-2018,35.75,Male,25-29 years,All,All
S12000008,2016-2018,1.42,Male,85-89 years,All,All
S12000008,2016-2018,10.22,Male,60-64 years,All,All
S12000008,2016-2018,7.57,Male,65-69 years,All,All
S12000042,2016-2018,8.28,Male,65-69 years,All,All
S12000008,2016-2018,13.26,Male,55-59 years,All,All
S12000008,2016-2018,57.04,Male,1-4 years,All,All
S12000008,2016-2018,57.79,Male,0 years,All,All
S12000008,2016-2018,3.61,Male,75-79 years,All,All
S12000028,2016-2018,12.48,Male,60-64 years,All,All
S12000042,2016-2018,13.34,Male,55-59 years,All,All
S12000028,2016-2018,15.68,Male,55-59 years,All,All
S12000008,2016-2018,5.38,Male,70-74 years,All,All
S12000042,2016-2018,10.59,Male,60-64 years,All,All
S12000042,2016-2018,16.41,Male,50-54 years,All,All
S12000008,2016-2018,23.72,Male,40-44 years,All,All
S12000028,2016-2018,43.46,Male,20-24 years,All,All
S12000042,2016-2018,19.64,Male,45-49 years,All,All
S12000028,2016-2018,39.07,Male,25-29 years,All,All
S12000008,2016-2018,27.54,Male,35-39 years,All,All
S12000028,2016-2018,48.07,Male,15-19 years,All,All
S12000008,2016-2018,16.55,Male,50-54 years,All,All
S12000008,2016-2018,53.54,Male,5-9 years,All,All
S12000008,2016-2018,49.03,Male,10-14 years,All,All
S12000042,2016-2018,22.8,Male,40-44 years,All,All
S12000042,2016-2018,30.29,Male,30-34 years,All,All
S12000042,2016-2018,26.38,Male,35-39 years,All,All
S12000042,2016-2018,34.46,Male,25-29 years,All,All
S92000003,2016-2018,38.94,Male,25-29 years,All,All
S92000003,2016-2018,43.39,Male,20-24 years,All,All
S92000003,2016-2018,3.66,Male,80-84 years,All,All
S92000003,2016-2018,34.63,Male,30-34 years,All,All
S92000003,2016-2018,26.48,Male,40-44 years,All,All
S92000003,2016-2018,15.74,Male,55-59 years,All,All
S92000003,2016-2018,30.47,Male,35-39 years,All,All
S92000003,2016-2018,1.56,Male,90 years,All,All
S92000003,2016-2018,2.42,Male,85-89 years,All,All
S92000003,2016-2018,12.63,Male,60-64 years,All,All
S92000003,2016-2018,22.71,Male,45-49 years,All,All
S92000003,2016-2018,19.13,Male,50-54 years,All,All
S92000003,2016-2018,9.86,Male,65-69 years,All,All
S92000003,2016-2018,5.32,Male,75-79 years,All,All
S92000003,2016-2018,7.42,Male,70-74 years,All,All
S12000035,2016-2018,3.64,Male,80-84 years,All,All
S12000035,2016-2018,1.28,Male,90 years,All,All
S12000035,2016-2018,7.72,Male,70-74 years,All,All
S12000036,2016-2018,61.04,Male,5-9 years,All,All
S12000036,2016-2018,64.77,Male,1-4 years,All,All
S12000005,2016-2018,52.78,Male,10-14 years,All,All
S12000005,2016-2018,47.98,Male,15-19 years,All,All
S12000045,2016-2018,2.11,Male,90 years,All,All
S12000010,2016-2018,65.45,Male,0 years,All,All
S12000010,2016-2018,10.59,Male,65-69 years,All,All
S12000010,2016-2018,60.81,Male,5-9 years,All,All
S12000035,2016-2018,5.52,Male,75-79 years,All,All
S12000010,2016-2018,64.81,Male,1-4 years,All,All
S12000035,2016-2018,2.24,Male,85-89 years,All,All
S12000036,2016-2018,17.96,Male,55-59 years,All,All
S12000036,2016-2018,33.47,Male,35-39 years,All,All
S12000036,2016-2018,25.32,Male,45-49 years,All,All
S12000005,2016-2018,62.21,Male,0 years,All,All
S12000036,2016-2018,1.95,Male,90 years,All,All
S12000036,2016-2018,29.26,Male,40-44 years,All,All
S12000036,2016-2018,65.4,Male,0 years,All,All
S12000036,2016-2018,47.04,Male,20-24 years,All,All
S12000036,2016-2018,56.34,Male,10-14 years,All,All
S12000036,2016-2018,21.58,Male,50-54 years,All,All
S12000036,2016-2018,42.43,Male,25-29 years,All,All
S12000036,2016-2018,51.67,Male,15-19 years,All,All
S12000045,2016-2018,60.39,Male,10-14 years,All,All
S12000045,2016-2018,50.93,Male,20-24 years,All,All
S12000045,2016-2018,28.63,Male,45-49 years,All,All
S12000045,2016-2018,24.45,Male,50-54 years,All,All
S12000045,2016-2018,55.62,Male,15-19 years,All,All
S12000010,2016-2018,50.98,Male,15-19 years,All,All
S12000045,2016-2018,7.44,Male,75-79 years,All,All
S12000045,2016-2018,41.72,Male,30-34 years,All,All
S12000010,2016-2018,24.58,Male,45-49 years,All,All
S12000010,2016-2018,37.07,Male,30-34 years,All,All
S12000045,2016-2018,5.31,Male,80-84 years,All,All
S12000045,2016-2018,10.15,Male,70-74 years,All,All
S12000045,2016-2018,3.49,Male,85-89 years,All,All
S12000042,2016-2018,1.18,Male,90 years,All,All
S12000010,2016-2018,17.02,Male,55-59 years,All,All
S12000042,2016-2018,2.91,Male,80-84 years,All,All
S12000010,2016-2018,13.61,Male,60-64 years,All,All
S12000010,2016-2018,32.77,Male,35-39 years,All,All
S12000010,2016-2018,7.96,Male,70-74 years,All,All
S12000042,2016-2018,1.77,Male,85-89 years,All,All
S12000010,2016-2018,46.18,Male,20-24 years,All,All
S12000010,2016-2018,55.89,Male,10-14 years,All,All
S12000042,2016-2018,6.13,Male,70-74 years,All,All
S12000042,2016-2018,4.32,Male,75-79 years,All,All
S12000010,2016-2018,41.53,Male,25-29 years,All,All
S12000027,2016-2018,3.02,Male,85-89 years,All,All
S12000027,2016-2018,12.03,Male,65-69 years,All,All
S12000027,2016-2018,9.29,Male,70-74 years,All,All
S12000028,2016-2018,60.98,Male,1-4 years,All,All
S12000026,2016-2018,19.6,Male,50-54 years,All,All
S12000026,2016-2018,15.97,Male,55-59 years,All,All
S12000026,2016-2018,23.51,Male,45-49 years,All,All
S12000027,2016-2018,4.8,Male,80-84 years,All,All
S12000028,2016-2018,26.63,Male,40-44 years,All,All
S12000029,2016-2018,58.48,Male,1-4 years,All,All
S12000028,2016-2018,19.16,Male,50-54 years,All,All
S12000028,2016-2018,30.72,Male,35-39 years,All,All
S12000027,2016-2018,6.65,Male,75-79 years,All,All
S12000028,2016-2018,4.97,Male,75-79 years,All,All
S12000029,2016-2018,36.7,Male,25-29 years,All,All
S12000028,2016-2018,9.56,Male,65-69 years,All,All
S12000028,2016-2018,7.07,Male,70-74 years,All,All
S12000028,2016-2018,1.18,Male,90 years,All,All
S12000029,2016-2018,59.27,Male,0 years,All,All
S12000029,2016-2018,32.41,Male,30-34 years,All,All
S12000028,2016-2018,2.05,Male,85-89 years,All,All
S12000026,2016-2018,6.75,Male,70-74 years,All,All
S12000028,2016-2018,3.28,Male,80-84 years,All,All
S12000026,2016-2018,31.56,Male,35-39 years,All,All
S12000026,2016-2018,27.59,Male,40-44 years,All,All
S12000026,2016-2018,4.43,Male,75-79 years,All,All
S12000005,2016-2018,57.68,Male,5-9 years,All,All
S12000005,2016-2018,27.18,Male,40-44 years,All,All
S12000045,2016-2018,16.82,Male,60-64 years,All,All
S12000005,2016-2018,31.1,Male,35-39 years,All,All
S12000005,2016-2018,61.67,Male,1-4 years,All,All
S12000036,2016-2018,8.75,Male,70-74 years,All,All
S12000005,2016-2018,43.39,Male,20-24 years,All,All
S12000036,2016-2018,14.65,Male,60-64 years,All,All
S12000036,2016-2018,11.56,Male,65-69 years,All,All
S12000036,2016-2018,4.28,Male,80-84 years,All,All
S12000045,2016-2018,13.3,Male,65-69 years,All,All
S12000036,2016-2018,2.82,Male,85-89 years,All,All
S12000045,2016-2018,20.43,Male,55-59 years,All,All
S12000027,2016-2018,1.85,Male,90 years,All,All
S12000029,2016-2018,28.29,Male,35-39 years,All,All
S12000028,2016-2018,57.34,Male,5-9 years,All,All
S12000029,2016-2018,24.31,Male,40-44 years,All,All
S12000029,2016-2018,41.11,Male,20-24 years,All,All
S12000029,2016-2018,54.82,Male,5-9 years,All,All
S12000005,2016-2018,39.08,Male,25-29 years,All,All
S12000005,2016-2018,35.04,Male,30-34 years,All,All
S12000036,2016-2018,6.29,Male,75-79 years,All,All
S12000028,2016-2018,61.68,Male,0 years,All,All
S12000029,2016-2018,50.22,Male,10-14 years,All,All
S12000029,2016-2018,45.62,Male,15-19 years,All,All
S12000023,2016-2018,4.99,Male,75-79 years,All,All
S12000048,2016-2018,61.93,Male,5-9 years,All,All
S12000050,2016-2018,2.78,Male,80-84 years,All,All
S12000050,2016-2018,8.01,Male,65-69 years,All,All
S12000023,2016-2018,7.41,Male,70-74 years,All,All
S12000023,2016-2018,20.94,Male,50-54 years,All,All
S12000023,2016-2018,0.55,Male,90 years,All,All
S12000023,2016-2018,38.09,Male,30-34 years,All,All
S12000023,2016-2018,33.79,Male,35-39 years,All,All
S12000023,2016-2018,10.35,Male,65-69 years,All,All
S12000050,2016-2018,5.92,Male,70-74 years,All,All
S12000023,2016-2018,3.01,Male,80-84 years,All,All
S12000023,2016-2018,1.69,Male,85-89 years,All,All
S12000018,2016-2018,31.71,Male,30-34 years,All,All
S12000018,2016-2018,54.68,Male,5-9 years,All,All
S12000018,2016-2018,20.58,Male,45-49 years,All,All
S12000018,2016-2018,23.85,Male,40-44 years,All,All
S12000018,2016-2018,11.6,Male,60-64 years,All,All
S12000018,2016-2018,9.14,Male,65-69 years,All,All
S12000018,2016-2018,49.75,Male,10-14 years,All,All
S12000018,2016-2018,44.97,Male,15-19 years,All,All
S12000018,2016-2018,40.35,Male,20-24 years,All,All
S12000023,2016-2018,16.97,Male,55-59 years,All,All
S12000018,2016-2018,5.28,Male,75-79 years,All,All
S12000018,2016-2018,3.74,Male,80-84 years,All,All
S12000018,2016-2018,35.91,Male,25-29 years,All,All
S12000013,2016-2018,65.07,Male,1-4 years,All,All
S12000020,2016-2018,2.87,Male,80-84 years,All,All
S12000013,2016-2018,66.07,Male,0 years,All,All
S12000013,2016-2018,56.24,Male,10-14 years,All,All
S12000048,2016-2018,6.09,Male,80-84 years,All,All
S12000048,2016-2018,17.07,Male,60-64 years,All,All
S12000013,2016-2018,61.23,Male,5-9 years,All,All
S12000038,2016-2018,60.17,Male,0 years,All,All
S12000048,2016-2018,35.37,Male,35-39 years,All,All
S12000048,2016-2018,13.81,Male,65-69 years,All,All
S12000048,2016-2018,39.36,Male,30-34 years,All,All
S12000048,2016-2018,43.52,Male,25-29 years,All,All
S12000048,2016-2018,52.36,Male,15-19 years,All,All
S12000048,2016-2018,65.84,Male,1-4 years,All,All
S12000023,2016-2018,25.25,Male,45-49 years,All,All
S92000003,2016-2018,47.94,Male,15-19 years,All,All
S12000023,2016-2018,29.44,Male,40-44 years,All,All
S12000048,2016-2018,66.64,Male,0 years,All,All
S12000023,2016-2018,13.45,Male,60-64 years,All,All
S12000048,2016-2018,57.09,Male,10-14 years,All,All
S12000048,2016-2018,10.92,Male,70-74 years,All,All
S92000003,2016-2018,61.13,Male,1-4 years,All,All
S12000048,2016-2018,8.33,Male,75-79 years,All,All
S92000003,2016-2018,61.88,Male,0 years,All,All
S92000003,2016-2018,52.63,Male,10-14 years,All,All
S92000003,2016-2018,57.35,Male,5-9 years,All,All
S12000010,2016-2018,2.46,Male,85-89 years,All,All
S12000011,2016-2018,68.77,Male,0 years,All,All
S12000010,2016-2018,5.66,Male,75-79 years,All,All
S12000011,2016-2018,58.89,Male,10-14 years,All,All
S12000047,2016-2018,10.36,Male,65-69 years,All,All
S12000011,2016-2018,36.26,Male,35-39 years,All,All
S12000047,2016-2018,7.97,Male,70-74 years,All,All
S12000011,2016-2018,27.42,Male,45-49 years,All,All
S12000010,2016-2018,1.52,Male,90 years,All,All
S12000011,2016-2018,23.32,Male,50-54 years,All,All
S12000011,2016-2018,15.6,Male,60-64 years,All,All
S12000010,2016-2018,3.87,Male,80-84 years,All,All
S12000011,2016-2018,19.43,Male,55-59 years,All,All
S12000011,2016-2018,4.02,Male,80-84 years,All,All
S12000014,2016-2018,22.15,Male,45-49 years,All,All
S12000011,2016-2018,6.26,Male,75-79 years,All,All
S12000014,2016-2018,29.96,Male,35-39 years,All,All
S12000014,2016-2018,62.1,Male,0 years,All,All
S12000014,2016-2018,61.33,Male,1-4 years,All,All
S12000014,2016-2018,34.14,Male,30-34 years,All,All
S12000047,2016-2018,4.01,Male,80-84 years,All,All
S12000011,2016-2018,49.17,Male,20-24 years,All,All
S12000047,2016-2018,5.79,Male,75-79 years,All,All
S12000011,2016-2018,40.46,Male,30-34 years,All,All
S12000011,2016-2018,31.68,Male,40-44 years,All,All
S12000011,2016-2018,44.7,Male,25-29 years,All,All
S12000019,2016-2018,56.69,Male,5-9 years,All,All
S12000019,2016-2018,61.02,Male,0 years,All,All
S12000018,2016-2018,14.34,Male,55-59 years,All,All
S12000019,2016-2018,47.71,Male,15-19 years,All,All
S12000019,2016-2018,52.21,Male,10-14 years,All,All
S12000019,2016-2018,30.64,Male,35-39 years,All,All
S12000019,2016-2018,7.09,Male,70-74 years,All,All
S12000011,2016-2018,2.57,Male,85-89 years,All,All
S12000011,2016-2018,2.04,Male,90 years,All,All
S12000018,2016-2018,7.13,Male,70-74 years,All,All
S12000018,2016-2018,1.9,Male,90 years,All,All
S12000018,2016-2018,17.41,Male,50-54 years,All,All
S12000018,2016-2018,2.7,Male,85-89 years,All,All
S12000019,2016-2018,15.37,Male,55-59 years,All,All
S12000019,2016-2018,3.28,Male,80-84 years,All,All
S12000018,2016-2018,27.73,Male,35-39 years,All,All
S12000019,2016-2018,22.76,Male,45-49 years,All,All
S12000019,2016-2018,4.98,Male,75-79 years,All,All
S12000019,2016-2018,9.62,Male,65-69 years,All,All
S12000019,2016-2018,60.26,Male,1-4 years,All,All
S12000019,2016-2018,34.85,Male,30-34 years,All,All
S12000019,2016-2018,43.34,Male,20-24 years,All,All
S12000019,2016-2018,18.89,Male,50-54 years,All,All
S12000019,2016-2018,26.65,Male,40-44 years,All,All
S12000019,2016-2018,12.23,Male,60-64 years,All,All
S12000038,2016-2018,3.54,Male,75-79 years,All,All
S12000038,2016-2018,16.51,Male,50-54 years,All,All
S12000038,2016-2018,5.38,Male,70-74 years,All,All
S12000038,2016-2018,1.32,Male,85-89 years,All,All
S12000038,2016-2018,50.75,Male,10-14 years,All,All
S12000038,2016-2018,55.54,Male,5-9 years,All,All
S12000038,2016-2018,2.24,Male,80-84 years,All,All
S12000013,2016-2018,51.27,Male,15-19 years,All,All
S12000013,2016-2018,46.64,Male,20-24 years,All,All
S12000013,2016-2018,21.03,Male,50-54 years,All,All
S12000013,2016-2018,29.05,Male,40-44 years,All,All
S12000020,2016-2018,4.52,Male,75-79 years,All,All
S12000013,2016-2018,24.98,Male,45-49 years,All,All
S12000020,2016-2018,1.36,Male,90 years,All,All
S12000050,2016-2018,1.14,Male,90 years,All,All
S12000023,2016-2018,47.17,Male,20-24 years,All,All
S12000038,2016-2018,36.67,Male,25-29 years,All,All
S12000050,2016-2018,1.81,Male,85-89 years,All,All
S12000013,2016-2018,17.43,Male,55-59 years,All,All
S12000023,2016-2018,61.71,Male,5-9 years,All,All
S12000020,2016-2018,48.74,Male,15-19 years,All,All
S12000013,2016-2018,37.51,Male,30-34 years,All,All
S12000013,2016-2018,42.04,Male,25-29 years,All,All
S12000013,2016-2018,33.15,Male,35-39 years,All,All
S12000038,2016-2018,59.39,Male,1-4 years,All,All
S12000048,2016-2018,2.92,Male,90 years,All,All
S12000048,2016-2018,4.28,Male,85-89 years,All,All
S12000020,2016-2018,40.04,Male,25-29 years,All,All
S12000020,2016-2018,44.32,Male,20-24 years,All,All
S12000020,2016-2018,1.92,Male,85-89 years,All,All
S12000019,2016-2018,2.19,Male,85-89 years,All,All
S12000019,2016-2018,1.56,Male,90 years,All,All
S12000020,2016-2018,53.26,Male,10-14 years,All,All
S12000038,2016-2018,7.6,Male,65-69 years,All,All
S12000038,2016-2018,20.16,Male,45-49 years,All,All
S12000048,2016-2018,47.85,Male,20-24 years,All,All
S12000048,2016-2018,24.01,Male,50-54 years,All,All
S12000038,2016-2018,13.19,Male,55-59 years,All,All
S12000050,2016-2018,13.29,Male,55-59 years,All,All
S12000038,2016-2018,10.18,Male,60-64 years,All,All
S12000038,2016-2018,45.95,Male,15-19 years,All,All
S12000038,2016-2018,41.23,Male,20-24 years,All,All
S12000038,2016-2018,28.03,Male,35-39 years,All,All
S12000048,2016-2018,20.39,Male,55-59 years,All,All
S12000048,2016-2018,27.71,Male,45-49 years,All,All
S12000048,2016-2018,31.42,Male,40-44 years,All,All
S12000050,2016-2018,23.41,Male,40-44 years,All,All
S12000023,2016-2018,65.68,Male,1-4 years,All,All
S12000050,2016-2018,10.44,Male,60-64 years,All,All
S12000023,2016-2018,66.68,Male,0 years,All,All
S12000038,2016-2018,23.92,Male,40-44 years,All,All
S12000038,2016-2018,32.32,Male,30-34 years,All,All
S12000050,2016-2018,16.46,Male,50-54 years,All,All
S12000023,2016-2018,42.45,Male,25-29 years,All,All
S12000023,2016-2018,51.98,Male,15-19 years,All,All
S12000050,2016-2018,19.81,Male,45-49 years,All,All
S12000050,2016-2018,4.14,Male,75-79 years,All,All
S12000023,2016-2018,56.74,Male,10-14 years,All,All
S92000003,2016-2018,27.79,Male,40-44 years,All,Remote small towns
S92000003,2016-2018,45,Male,20-24 years,All,Remote small towns
S92000003,2016-2018,54.6,Male,10-14 years,All,Remote small towns
S92000003,2016-2018,59.52,Male,5-9 years,All,Remote small towns
S92000003,2016-2018,36.17,Male,30-34 years,All,Remote small towns
S92000003,2016-2018,19.9,Male,50-54 years,All,Remote small towns
S92000003,2016-2018,31.94,Male,35-39 years,All,Remote small towns
S92000003,2016-2018,49.72,Male,15-19 years,All,Remote small towns
S92000003,2016-2018,63.46,Male,1-4 years,All,Remote small towns
S92000003,2016-2018,64.38,Male,0 years,All,Remote small towns
S92000003,2016-2018,29.58,Male,35-39 years,All,Other urban areas
S92000003,2016-2018,7.21,Male,70-74 years,All,Other urban areas
S92000003,2016-2018,25.72,Male,40-44 years,All,Other urban areas
S92000003,2016-2018,15.29,Male,55-59 years,All,Other urban areas
S92000003,2016-2018,9.57,Male,65-69 years,All,Other urban areas
S92000003,2016-2018,22.07,Male,45-49 years,All,Other urban areas
S92000003,2016-2018,12.26,Male,60-64 years,All,Other urban areas
S92000003,2016-2018,13.14,Male,60-64 years,All,Remote small towns
S92000003,2016-2018,5.2,Male,75-79 years,All,Other urban areas
S92000003,2016-2018,3.83,Male,80-84 years,All,Remote small towns
S92000003,2016-2018,1.67,Male,90 years,All,Remote small towns
S92000003,2016-2018,2.49,Male,85-89 years,All,Remote small towns
S92000003,2016-2018,16.31,Male,55-59 years,All,Remote small towns
S92000003,2016-2018,23.84,Male,45-49 years,All,Remote small towns
S92000003,2016-2018,7.78,Male,70-74 years,All,Remote small towns
S92000003,2016-2018,5.59,Male,75-79 years,All,Remote small towns
S92000003,2016-2018,10.28,Male,65-69 years,All,Remote small towns
S92000003,2016-2018,40.46,Male,25-29 years,All,Remote small towns
S92000003,2016-2018,3.6,Male,80-84 years,All,Other urban areas
S92000003,2016-2018,2.42,Male,85-89 years,All,Other urban areas
S92000003,2016-2018,1.57,Male,90 years,All,Other urban areas
S92000003,2016-2018,18.57,Male,50-54 years,All,Other urban areas
S12000013,2016-2018,10.87,Male,65-69 years,All,All
S12000021,2016-2018,56.6,Male,1-4 years,All,All
S12000050,2016-2018,35.41,Male,25-29 years,All,All
S12000021,2016-2018,57.33,Male,0 years,All,All
S12000013,2016-2018,14.04,Male,60-64 years,All,All
S12000050,2016-2018,48.81,Male,10-14 years,All,All
S12000013,2016-2018,4.28,Male,80-84 years,All,All
S12000050,2016-2018,57.96,Male,0 years,All,All
S12000021,2016-2018,11.93,Male,60-64 years,All,All
S12000050,2016-2018,44.19,Male,15-19 years,All,All
S12000021,2016-2018,6.95,Male,70-74 years,All,All
S12000050,2016-2018,39.78,Male,20-24 years,All,All
S12000021,2016-2018,9.27,Male,65-69 years,All,All
S12000020,2016-2018,62.12,Male,0 years,All,All
S12000020,2016-2018,57.78,Male,5-9 years,All,All
S12000020,2016-2018,35.82,Male,30-34 years,All,All
S12000020,2016-2018,31.52,Male,35-39 years,All,All
S12000020,2016-2018,61.36,Male,1-4 years,All,All
S12000021,2016-2018,1.64,Male,90 years,All,All
S12000020,2016-2018,11.95,Male,60-64 years,All,All
S12000013,2016-2018,2.73,Male,85-89 years,All,All
S12000013,2016-2018,1.91,Male,90 years,All,All
S12000050,2016-2018,53.48,Male,5-9 years,All,All
S12000020,2016-2018,9.17,Male,65-69 years,All,All
S12000020,2016-2018,15.33,Male,55-59 years,All,All
S12000020,2016-2018,6.7,Male,70-74 years,All,All
S12000039,2016-2018,3.51,Male,75-79 years,All,All
S12000039,2016-2018,0.82,Male,90 years,All,All
S12000039,2016-2018,5.09,Male,70-74 years,All,All
S12000039,2016-2018,2.27,Male,80-84 years,All,All
S12000040,2016-2018,62.27,Male,1-4 years,All,All
S12000040,2016-2018,58.5,Male,5-9 years,All,All
S12000040,2016-2018,63.04,Male,0 years,All,All
S12000026,2016-2018,35.42,Male,30-34 years,All,All
S12000038,2016-2018,0.88,Male,90 years,All,All
S12000026,2016-2018,39.79,Male,25-29 years,All,All
S12000039,2016-2018,7.2,Male,65-69 years,All,All
S12000039,2016-2018,1.4,Male,85-89 years,All,All
S12000026,2016-2018,63.5,Male,0 years,All,All
S12000027,2016-2018,57.68,Male,10-14 years,All,All
S12000027,2016-2018,52.74,Male,15-19 years,All,All
S12000027,2016-2018,62.67,Male,5-9 years,All,All
S12000050,2016-2018,57.21,Male,1-4 years,All,All
S12000050,2016-2018,27.23,Male,35-39 years,All,All
S12000050,2016-2018,31.25,Male,30-34 years,All,All
S12000027,2016-2018,67.49,Male,0 years,All,All
S12000026,2016-2018,1.34,Male,85-89 years,All,All
S12000026,2016-2018,2.63,Male,80-84 years,All,All
S12000026,2016-2018,0.86,Male,90 years,All,All
S12000027,2016-2018,66.67,Male,1-4 years,All,All
S12000027,2016-2018,22.19,Male,50-54 years,All,All
S12000021,2016-2018,32.41,Male,30-34 years,All,All
S12000021,2016-2018,28.66,Male,35-39 years,All,All
S12000013,2016-2018,6.31,Male,75-79 years,All,All
S12000013,2016-2018,8.33,Male,70-74 years,All,All
S12000030,2016-2018,30.08,Male,40-44 years,All,All
S12000030,2016-2018,8.45,Male,70-74 years,All,All
S12000030,2016-2018,11.2,Male,65-69 years,All,All
S12000021,2016-2018,25.11,Male,40-44 years,All,All
S12000021,2016-2018,49.04,Male,10-14 years,All,All
S12000029,2016-2018,5.84,Male,70-74 years,All,All
S12000021,2016-2018,36.45,Male,25-29 years,All,All
S12000021,2016-2018,53.28,Male,5-9 years,All,All
S12000021,2016-2018,21.53,Male,45-49 years,All,All
S12000045,2016-2018,46.28,Male,25-29 years,All,All
S12000045,2016-2018,68.79,Male,1-4 years,All,All
S12000045,2016-2018,32.76,Male,40-44 years,All,All
S12000045,2016-2018,37.17,Male,35-39 years,All,All
S12000010,2016-2018,20.65,Male,50-54 years,All,All
S12000010,2016-2018,28.61,Male,40-44 years,All,All
S12000045,2016-2018,65.11,Male,5-9 years,All,All
S12000030,2016-2018,34.06,Male,35-39 years,All,All
S12000021,2016-2018,40.59,Male,20-24 years,All,All
S12000030,2016-2018,21.86,Male,50-54 years,All,All
S12000030,2016-2018,18,Male,55-59 years,All,All
S12000030,2016-2018,14.41,Male,60-64 years,All,All
S12000021,2016-2018,44.84,Male,15-19 years,All,All
S12000030,2016-2018,4,Male,80-84 years,All,All
S12000030,2016-2018,6,Male,75-79 years,All,All
S12000021,2016-2018,3.45,Male,80-84 years,All,All
S12000020,2016-2018,23.07,Male,45-49 years,All,All
S12000030,2016-2018,2.51,Male,85-89 years,All,All
S12000039,2016-2018,58.35,Male,0 years,All,All
S12000039,2016-2018,48.87,Male,10-14 years,All,All
S12000021,2016-2018,4.95,Male,75-79 years,All,All
S12000021,2016-2018,18.15,Male,50-54 years,All,All
S12000021,2016-2018,2.3,Male,85-89 years,All,All
S12000020,2016-2018,27.3,Male,40-44 years,All,All
S12000020,2016-2018,18.99,Male,50-54 years,All,All
S12000021,2016-2018,14.93,Male,55-59 years,All,All
S12000029,2016-2018,14.02,Male,55-59 years,All,All
S12000029,2016-2018,8.2,Male,65-69 years,All,All
S12000029,2016-2018,2.39,Male,80-84 years,All,All
S12000030,2016-2018,1.67,Male,90 years,All,All
S12000029,2016-2018,1.22,Male,85-89 years,All,All
S12000029,2016-2018,3.84,Male,75-79 years,All,All
S12000030,2016-2018,25.86,Male,45-49 years,All,All
S12000039,2016-2018,44.09,Male,15-19 years,All,All
S12000039,2016-2018,53.68,Male,5-9 years,All,All
S12000029,2016-2018,17.26,Male,50-54 years,All,All
S12000029,2016-2018,20.68,Male,45-49 years,All,All
S12000039,2016-2018,57.5,Male,1-4 years,All,All
S92000003,2016-2018,35.47,Male,30-34 years,All,Accessible small towns
S92000003,2016-2018,62.45,Male,0 years,All,Accessible small towns
S92000003,2016-2018,31.26,Male,35-39 years,All,Accessible small towns
S92000003,2016-2018,39.8,Male,25-29 years,All,Accessible small towns
S92000003,2016-2018,61.7,Male,1-4 years,All,Accessible small towns
S92000003,2016-2018,58.07,Male,5-9 years,All,Accessible small towns
S92000003,2016-2018,48.85,Male,15-19 years,All,Accessible small towns
S92000003,2016-2018,27.04,Male,40-44 years,All,Accessible small towns
S92000003,2016-2018,44.26,Male,20-24 years,All,Accessible small towns
S92000003,2016-2018,53.49,Male,10-14 years,All,Accessible small towns
S92000003,2016-2018,12.24,Male,60-64 years,All,Accessible small towns
S92000003,2016-2018,1.85,Male,85-89 years,All,Accessible small towns
S92000003,2016-2018,9.36,Male,65-69 years,All,Accessible small towns
S92000003,2016-2018,6.84,Male,70-74 years,All,Accessible small towns
S92000003,2016-2018,4.69,Male,75-79 years,All,Accessible small towns
S92000003,2016-2018,3,Male,80-84 years,All,Accessible small towns
S92000003,2016-2018,15.53,Male,55-59 years,All,Accessible small towns
S92000003,2016-2018,22.95,Male,45-49 years,All,Accessible small towns
S92000003,2016-2018,1.12,Male,90 years,All,Accessible small towns
S92000003,2016-2018,19.13,Male,50-54 years,All,Accessible small towns
S12000030,2016-2018,59.26,Male,5-9 years,All,All
S12000040,2016-2018,20.21,Male,50-54 years,All,All
S12000040,2016-2018,36.14,Male,30-34 years,All,All
S12000040,2016-2018,27.93,Male,40-44 years,All,All
S12000027,2016-2018,39.13,Male,30-34 years,All,All
S12000027,2016-2018,34.77,Male,35-39 years,All,All
S12000040,2016-2018,32.05,Male,35-39 years,All,All
S12000030,2016-2018,50.89,Male,15-19 years,All,All
S12000040,2016-2018,49.24,Male,15-19 years,All,All
S12000030,2016-2018,38.16,Male,30-34 years,All,All
S12000040,2016-2018,23.99,Male,45-49 years,All,All
S12000040,2016-2018,44.67,Male,20-24 years,All,All
S12000040,2016-2018,53.87,Male,10-14 years,All,All
S12000026,2016-2018,62.74,Male,1-4 years,All,All
S12000026,2016-2018,58.74,Male,5-9 years,All,All
S12000027,2016-2018,48.07,Male,20-24 years,All,All
S12000027,2016-2018,43.67,Male,25-29 years,All,All
S12000026,2016-2018,12.62,Male,60-64 years,All,All
S12000026,2016-2018,9.76,Male,65-69 years,All,All
S12000026,2016-2018,53.86,Male,10-14 years,All,All
S12000026,2016-2018,48.94,Male,15-19 years,All,All
S12000026,2016-2018,44.27,Male,20-24 years,All,All
S12000027,2016-2018,30.44,Male,40-44 years,All,All
S12000027,2016-2018,18.5,Male,55-59 years,All,All
S12000027,2016-2018,26.32,Male,45-49 years,All,All
S12000027,2016-2018,15.33,Male,60-64 years,All,All
S12000040,2016-2018,2.35,Male,90 years,All,All
S12000039,2016-2018,39.45,Male,20-24 years,All,All
S12000040,2016-2018,4.34,Male,80-84 years,All,All
S12000040,2016-2018,40.29,Male,25-29 years,All,All
S12000039,2016-2018,35.02,Male,25-29 years,All,All
S12000039,2016-2018,26.63,Male,35-39 years,All,All
S12000039,2016-2018,22.74,Male,40-44 years,All,All
S12000040,2016-2018,5.99,Male,75-79 years,All,All
S12000040,2016-2018,13.45,Male,60-64 years,All,All
S12000040,2016-2018,16.75,Male,55-59 years,All,All
S12000040,2016-2018,10.68,Male,65-69 years,All,All
S12000040,2016-2018,3.15,Male,85-89 years,All,All
S12000040,2016-2018,8.19,Male,70-74 years,All,All
S12000030,2016-2018,42.36,Male,25-29 years,All,All
S12000030,2016-2018,62.53,Male,1-4 years,All,All
S12000029,2016-2018,0.34,Male,90 years,All,All
S12000030,2016-2018,46.6,Male,20-24 years,All,All
S12000029,2016-2018,11.01,Male,60-64 years,All,All
S12000030,2016-2018,55.1,Male,10-14 years,All,All
S12000039,2016-2018,19,Male,45-49 years,All,All
S12000039,2016-2018,15.52,Male,50-54 years,All,All
S12000039,2016-2018,30.73,Male,30-34 years,All,All
S12000039,2016-2018,9.59,Male,60-64 years,All,All
S12000030,2016-2018,63.28,Male,0 years,All,All
S12000039,2016-2018,12.35,Male,55-59 years,All,All
S12000014,2016-2018,2.77,Male,85-89 years,All,All
S12000014,2016-2018,2.05,Male,90 years,All,All
S12000014,2016-2018,5.34,Male,75-79 years,All,All
S12000049,2016-2018,55.35,Male,1-4 years,All,All
S12000047,2016-2018,1.83,Male,90 years,All,All
S12000049,2016-2018,56.08,Male,0 years,All,All
S12000047,2016-2018,2.76,Male,85-89 years,All,All
S12000047,2016-2018,26.73,Male,40-44 years,All,All
S12000047,2016-2018,23.05,Male,45-49 years,All,All
S12000049,2016-2018,32.74,Male,25-29 years,All,All
S12000047,2016-2018,13.12,Male,60-64 years,All,All
S12000014,2016-2018,3.82,Male,80-84 years,All,All
S12000047,2016-2018,19.52,Male,50-54 years,All,All
S12000049,2016-2018,51.47,Male,5-9 years,All,All
S12000006,2016-2018,23.93,Male,45-49 years,All,All
S12000006,2016-2018,16.78,Male,55-59 years,All,All
S12000006,2016-2018,31.71,Male,35-39 years,All,All
S12000006,2016-2018,7.95,Male,70-74 years,All,All
S12000036,2016-2018,37.87,Male,30-34 years,All,All
S12000006,2016-2018,5.75,Male,75-79 years,All,All
S12000006,2016-2018,10.57,Male,65-69 years,All,All
S12000006,2016-2018,49.67,Male,15-19 years,All,All
S12000006,2016-2018,44.97,Male,20-24 years,All,All
S12000006,2016-2018,63.43,Male,1-4 years,All,All
S12000006,2016-2018,35.98,Male,30-34 years,All,All
S12000006,2016-2018,27.77,Male,40-44 years,All,All
S12000006,2016-2018,40.4,Male,25-29 years,All,All
S12000042,2016-2018,38.84,Male,20-24 years,All,All
S12000042,2016-2018,52.41,Male,5-9 years,All,All
S12000042,2016-2018,47.87,Male,10-14 years,All,All
S12000006,2016-2018,20.26,Male,50-54 years,All,All
S12000049,2016-2018,20.27,Male,40-44 years,All,All
S12000049,2016-2018,28.31,Male,30-34 years,All,All
S12000049,2016-2018,13.84,Male,50-54 years,All,All
S12000006,2016-2018,2.45,Male,85-89 years,All,All
S12000006,2016-2018,3.89,Male,80-84 years,All,All
S12000006,2016-2018,13.58,Male,60-64 years,All,All
S12000006,2016-2018,1.41,Male,90 years,All,All
S12000042,2016-2018,56.01,Male,1-4 years,All,All
S12000042,2016-2018,43.33,Male,15-19 years,All,All
S12000014,2016-2018,25.89,Male,40-44 years,All,All
S12000014,2016-2018,38.46,Male,25-29 years,All,All
S12000011,2016-2018,67.85,Male,1-4 years,All,All
S12000014,2016-2018,52.43,Male,10-14 years,All,All
S12000005,2016-2018,23.43,Male,45-49 years,All,All
S12000005,2016-2018,10.63,Male,65-69 years,All,All
S12000014,2016-2018,57.4,Male,5-9 years,All,All
S12000011,2016-2018,8.98,Male,70-74 years,All,All
S12000014,2016-2018,42.97,Male,20-24 years,All,All
S12000011,2016-2018,12.22,Male,65-69 years,All,All
S12000014,2016-2018,47.57,Male,15-19 years,All,All
S12000011,2016-2018,54.09,Male,15-19 years,All,All
S12000011,2016-2018,63.86,Male,5-9 years,All,All
S12000005,2016-2018,2.99,Male,85-89 years,All,All
S12000005,2016-2018,2.14,Male,90 years,All,All
S12000005,2016-2018,4.3,Male,80-84 years,All,All
S12000006,2016-2018,64.17,Male,0 years,All,All
S12000006,2016-2018,59.46,Male,5-9 years,All,All
S12000006,2016-2018,54.54,Male,10-14 years,All,All
S12000005,2016-2018,13.29,Male,60-64 years,All,All
S12000005,2016-2018,16.53,Male,55-59 years,All,All
S12000005,2016-2018,19.92,Male,50-54 years,All,All
S12000005,2016-2018,7.97,Male,70-74 years,All,All
S12000042,2016-2018,56.46,Male,0 years,All,All
S12000005,2016-2018,5.89,Male,75-79 years,All,All
S12000047,2016-2018,43.06,Male,20-24 years,All,All
S12000047,2016-2018,30.59,Male,35-39 years,All,All
S12000017,2016-2018,11.1,Male,65-69 years,All,All
S12000018,2016-2018,59.58,Male,0 years,All,All
S12000047,2016-2018,60.32,Male,1-4 years,All,All
S12000047,2016-2018,34.55,Male,30-34 years,All,All
S12000047,2016-2018,38.71,Male,25-29 years,All,All
S12000017,2016-2018,14.06,Male,60-64 years,All,All
S12000049,2016-2018,8.51,Male,60-64 years,All,All
S12000017,2016-2018,8.42,Male,70-74 years,All,All
S12000018,2016-2018,58.64,Male,1-4 years,All,All
S12000017,2016-2018,2.82,Male,85-89 years,All,All
S12000017,2016-2018,6.08,Male,75-79 years,All,All
S12000047,2016-2018,56.63,Male,5-9 years,All,All
S12000049,2016-2018,41.9,Male,15-19 years,All,All
S12000047,2016-2018,60.97,Male,0 years,All,All
S12000047,2016-2018,52.02,Male,10-14 years,All,All
S12000047,2016-2018,16.21,Male,55-59 years,All,All
S12000049,2016-2018,37.29,Male,20-24 years,All,All
S12000049,2016-2018,46.66,Male,10-14 years,All,All
S12000014,2016-2018,7.27,Male,70-74 years,All,All
S12000014,2016-2018,15.16,Male,55-59 years,All,All
S12000014,2016-2018,18.58,Male,50-54 years,All,All
S12000014,2016-2018,12.16,Male,60-64 years,All,All
S12000047,2016-2018,47.48,Male,15-19 years,All,All
S12000014,2016-2018,9.6,Male,65-69 years,All,All
S12000049,2016-2018,3.49,Male,75-79 years,All,All
S12000019,2016-2018,39.1,Male,25-29 years,All,All
S12000017,2016-2018,64.34,Male,0 years,All,All
S12000049,2016-2018,1.89,Male,85-89 years,All,All
S12000017,2016-2018,49.96,Male,15-19 years,All,All
S12000017,2016-2018,63.45,Male,1-4 years,All,All
S12000049,2016-2018,1.44,Male,90 years,All,All
S12000049,2016-2018,16.89,Male,45-49 years,All,All
S12000049,2016-2018,4.84,Male,70-74 years,All,All
S12000017,2016-2018,59.56,Male,5-9 years,All,All
S12000049,2016-2018,24.1,Male,35-39 years,All,All
S12000049,2016-2018,6.49,Male,65-69 years,All,All
S12000049,2016-2018,11.01,Male,55-59 years,All,All
S12000017,2016-2018,28.68,Male,40-44 years,All,All
S12000017,2016-2018,24.73,Male,45-49 years,All,All
S12000017,2016-2018,36.93,Male,30-34 years,All,All
S12000017,2016-2018,17.3,Male,55-59 years,All,All
S12000017,2016-2018,4.17,Male,80-84 years,All,All
S12000017,2016-2018,20.87,Male,50-54 years,All,All
S12000017,2016-2018,54.75,Male,10-14 years,All,All
S12000017,2016-2018,45.45,Male,20-24 years,All,All
S12000049,2016-2018,2.52,Male,80-84 years,All,All
S12000017,2016-2018,41.05,Male,25-29 years,All,All
S12000017,2016-2018,2.1,Male,90 years,All,All
S12000017,2016-2018,32.7,Male,35-39 years,All,All
S92000003,2016-2018,12.4,Male,60-64 years,3,All
S92000003,2016-2018,1.44,Male,90 years,3,All
S92000003,2016-2018,9.62,Male,65-69 years,3,All
S92000003,2016-2018,5.03,Male,75-79 years,3,All
S92000003,2016-2018,7.14,Male,70-74 years,3,All
S92000003,2016-2018,48.69,Male,15-19 years,3,All
S92000003,2016-2018,19.09,Male,50-54 years,3,All
S92000003,2016-2018,15.56,Male,55-59 years,3,All
S92000003,2016-2018,30.87,Male,35-39 years,3,All
S92000003,2016-2018,44.08,Male,20-24 years,3,All
S92000003,2016-2018,53.45,Male,10-14 years,3,All
S92000003,2016-2018,62.12,Male,1-4 years,3,All
S92000003,2016-2018,3.4,Male,80-84 years,3,All
S92000003,2016-2018,62.93,Male,0 years,3,All
S92000003,2016-2018,26.8,Male,40-44 years,3,All
S92000003,2016-2018,58.25,Male,5-9 years,3,All
S92000003,2016-2018,22.87,Male,45-49 years,3,All
S92000003,2016-2018,2.21,Male,85-89 years,3,All
S92000003,2016-2018,26.01,Male,35-39 years,2,All
S92000003,2016-2018,18.81,Male,45-49 years,2,All
S92000003,2016-2018,5.67,Male,70-74 years,2,All
S92000003,2016-2018,51.84,Male,5-9 years,2,All
S92000003,2016-2018,47.3,Male,10-14 years,2,All
S92000003,2016-2018,38.4,Male,20-24 years,2,All
S92000003,2016-2018,22.25,Male,40-44 years,2,All
S92000003,2016-2018,42.79,Male,15-19 years,2,All
S92000003,2016-2018,2.81,Male,80-84 years,2,All
S92000003,2016-2018,4.07,Male,75-79 years,2,All
S92000003,2016-2018,1.93,Male,85-89 years,2,All
S92000003,2016-2018,1.36,Male,90 years,2,All
S92000003,2016-2018,35.12,Male,30-34 years,3,All
S92000003,2016-2018,39.53,Male,25-29 years,3,All
S92000003,2016-2018,69.29,Male,1-4 years,5 - least deprived,All
S92000003,2016-2018,46.67,Male,25-29 years,5 - least deprived,All
S92000003,2016-2018,42.19,Male,30-34 years,5 - least deprived,All
S92000003,2016-2018,60.63,Male,10-14 years,5 - least deprived,All
S92000003,2016-2018,70.15,Male,0 years,5 - least deprived,All
S92000003,2016-2018,55.88,Male,15-19 years,5 - least deprived,All
S92000003,2016-2018,51.22,Male,20-24 years,5 - least deprived,All
S92000003,2016-2018,29.05,Male,45-49 years,5 - least deprived,All
S92000003,2016-2018,20.81,Male,55-59 years,5 - least deprived,All
S92000003,2016-2018,10.23,Male,70-74 years,5 - least deprived,All
S92000003,2016-2018,13.45,Male,65-69 years,5 - least deprived,All
S92000003,2016-2018,16.98,Male,60-64 years,5 - least deprived,All
S92000003,2016-2018,37.74,Male,35-39 years,5 - least deprived,All
S92000003,2016-2018,7.35,Male,75-79 years,5 - least deprived,All
S92000003,2016-2018,33.33,Male,40-44 years,5 - least deprived,All
S92000003,2016-2018,3.3,Male,85-89 years,5 - least deprived,All
S92000003,2016-2018,24.84,Male,50-54 years,5 - least deprived,All
S92000003,2016-2018,5.01,Male,80-84 years,5 - least deprived,All
S92000003,2016-2018,2.18,Male,90 years,5 - least deprived,All
S92000003,2016-2018,26.11,Male,45-49 years,4,All
S92000003,2016-2018,2.73,Male,85-89 years,4,All
S92000003,2016-2018,22.09,Male,50-54 years,4,All
S92000003,2016-2018,4.16,Male,80-84 years,4,All
S92000003,2016-2018,11.55,Male,65-69 years,4,All
S92000003,2016-2018,18.3,Male,55-59 years,4,All
S92000003,2016-2018,47.82,Male,20-24 years,4,All
S92000003,2016-2018,57.03,Male,10-14 years,4,All
S92000003,2016-2018,52.37,Male,15-19 years,4,All
S92000003,2016-2018,6.15,Male,75-79 years,4,All
S92000003,2016-2018,43.32,Male,25-29 years,4,All
S92000003,2016-2018,66.31,Male,0 years,4,All
S92000003,2016-2018,38.91,Male,30-34 years,4,All
S92000003,2016-2018,61.72,Male,5-9 years,4,All
S92000003,2016-2018,30.27,Male,40-44 years,4,All
S92000003,2016-2018,34.57,Male,35-39 years,4,All
S92000003,2016-2018,65.47,Male,1-4 years,4,All
S92000003,2016-2018,1.85,Male,90 years,4,All
S92000003,2016-2018,8.67,Male,70-74 years,4,All
S92000003,2016-2018,14.75,Male,60-64 years,4,All
S92000003,2016-2018,65.43,Male,5-9 years,5 - least deprived,All
S92000003,2016-2018,15.54,Male,50-54 years,2,All
S92000003,2016-2018,7.62,Male,65-69 years,2,All
S92000003,2016-2018,55.45,Male,1-4 years,2,All
S92000003,2016-2018,9.85,Male,60-64 years,2,All
S92000003,2016-2018,34.15,Male,25-29 years,2,All
S92000003,2016-2018,56.1,Male,0 years,2,All
S92000003,2016-2018,12.52,Male,55-59 years,2,All
S92000003,2016-2018,29.99,Male,30-34 years,2,All
S92000003,2016-2018,31.68,Male,20-24 years,1 - most deprived,All
S92000003,2016-2018,4.48,Male,65-69 years,1 - most deprived,All
S92000003,2016-2018,23.37,Male,30-34 years,1 - most deprived,All
S92000003,2016-2018,40.68,Male,10-14 years,1 - most deprived,All
S92000003,2016-2018,27.41,Male,25-29 years,1 - most deprived,All
S92000003,2016-2018,19.62,Male,35-39 years,1 - most deprived,All
S92000003,2016-2018,49.06,Male,1-4 years,1 - most deprived,All
S92000003,2016-2018,1.26,Male,80-84 years,1 - most deprived,All
S92000003,2016-2018,3.14,Male,70-74 years,1 - most deprived,All
S92000003,2016-2018,2.03,Male,75-79 years,1 - most deprived,All
S92000003,2016-2018,0.45,Male,90 years,1 - most deprived,All
S92000003,2016-2018,0.74,Male,85-89 years,1 - most deprived,All
S92000003,2016-2018,49.74,Male,0 years,1 - most deprived,All
S92000003,2016-2018,45.33,Male,5-9 years,1 - most deprived,All
S92000003,2016-2018,36.11,Male,15-19 years,1 - most deprived,All
S92000003,2016-2018,6.1,Male,60-64 years,1 - most deprived,All
S92000003,2016-2018,16.26,Male,40-44 years,1 - most deprived,All
S92000003,2016-2018,13.26,Male,45-49 years,1 - most deprived,All
S92000003,2016-2018,10.57,Male,50-54 years,1 - most deprived,All
S92000003,2016-2018,8.14,Male,55-59 years,1 - most deprived,All
S92000003,2016-2018,60.3,Male,0 years,All,Other urban areas
S92000003,2016-2018,51.19,Male,10-14 years,All,Other urban areas
S92000003,2016-2018,33.6,Male,30-34 years,All,Other urban areas
S92000003,2016-2018,37.78,Male,25-29 years,All,Other urban areas
S92000003,2016-2018,59.57,Male,1-4 years,All,Other urban areas
S92000003,2016-2018,55.84,Male,5-9 years,All,Other urban areas
S92000003,2016-2018,42.12,Male,20-24 years,All,Other urban areas
S92000003,2016-2018,46.58,Male,15-19 years,All,Other urban areas
S92000003,2016-2018,14.78,Male,55-59 years,All,Large urban areas
S92000003,2016-2018,11.84,Male,60-64 years,All,Large urban areas
S92000003,2016-2018,7.01,Male,70-74 years,All,Large urban areas
S92000003,2016-2018,9.26,Male,65-69 years,All,Large urban areas
S92000003,2016-2018,25.04,Male,40-44 years,All,Large urban areas
S92000003,2016-2018,33.2,Male,30-34 years,All,Large urban areas
S92000003,2016-2018,51.37,Male,10-14 years,All,Large urban areas
S92000003,2016-2018,60.64,Male,0 years,All,Large urban areas
S92000003,2016-2018,42.09,Male,20-24 years,All,Large urban areas
S92000003,2016-2018,46.68,Male,15-19 years,All,Large urban areas
S92000003,2016-2018,37.58,Male,25-29 years,All,Large urban areas
S92000003,2016-2018,18,Male,50-54 years,All,Large urban areas
S92000003,2016-2018,21.42,Male,45-49 years,All,Large urban areas
S92000003,2016-2018,28.98,Male,35-39 years,All,Large urban areas
S92000003,2016-2018,59.92,Male,1-4 years,All,Large urban areas
S92000003,2016-2018,56.11,Male,5-9 years,All,Large urban areas
S92000003,2016-2018,3.56,Male,80-84 years,All,Large urban areas
S92000003,2016-2018,5.05,Male,75-79 years,All,Large urban areas
S92000003,2016-2018,2.41,Male,85-89 years,All,Large urban areas
S92000003,2016-2018,1.68,Male,90 years,All,Large urban areas
S12000035,2016-2018,65.21,Male,0 years,All,All
S12000035,2016-2018,13.17,Male,60-64 years,All,All
S12000033,2016-2018,51.75,Male,10-14 years,All,All
S12000035,2016-2018,40.85,Male,25-29 years,All,All
S12000035,2016-2018,31.99,Male,35-39 years,All,All
S12000033,2016-2018,47.09,Male,15-19 years,All,All
S12000033,2016-2018,60.96,Male,0 years,All,All
S12000035,2016-2018,27.75,Male,40-44 years,All,All
S12000035,2016-2018,23.77,Male,45-49 years,All,All
S12000033,2016-2018,56.43,Male,5-9 years,All,All
S12000033,2016-2018,60.17,Male,1-4 years,All,All
S12000035,2016-2018,10.27,Male,65-69 years,All,All
S12000035,2016-2018,36.48,Male,30-34 years,All,All
S12000035,2016-2018,45.57,Male,20-24 years,All,All
S12000035,2016-2018,50.38,Male,15-19 years,All,All
S12000035,2016-2018,55.27,Male,10-14 years,All,All
S12000035,2016-2018,64.21,Male,1-4 years,All,All
S12000035,2016-2018,60.27,Male,5-9 years,All,All
S12000034,2016-2018,12.68,Male,65-69 years,All,All
S12000034,2016-2018,4.93,Male,80-84 years,All,All
S12000034,2016-2018,9.76,Male,70-74 years,All,All
S12000034,2016-2018,7.21,Male,75-79 years,All,All
S12000034,2016-2018,19.52,Male,55-59 years,All,All
S12000041,2016-2018,57.39,Male,5-9 years,All,All
S12000041,2016-2018,33.2,Male,35-39 years,All,All
S12000041,2016-2018,37.06,Male,30-34 years,All,All
S12000041,2016-2018,9.09,Male,70-74 years,All,All
S12000041,2016-2018,14.88,Male,60-64 years,All,All
S12000034,2016-2018,23.26,Male,50-54 years,All,All
S12000034,2016-2018,15.97,Male,60-64 years,All,All
S12000033,2016-2018,25.51,Male,40-44 years,All,All
S12000041,2016-2018,61.15,Male,0 years,All,All
S12000033,2016-2018,33.7,Male,30-34 years,All,All
S12000034,2016-2018,40.33,Male,30-34 years,All,All
S12000033,2016-2018,29.44,Male,35-39 years,All,All
S12000034,2016-2018,3.22,Male,85-89 years,All,All
S12000041,2016-2018,53.33,Male,10-14 years,All,All
S12000041,2016-2018,49.2,Male,15-19 years,All,All
S12000041,2016-2018,60.58,Male,1-4 years,All,All
S12000034,2016-2018,44.96,Male,25-29 years,All,All
S12000034,2016-2018,31.48,Male,40-44 years,All,All
S12000034,2016-2018,54.46,Male,15-19 years,All,All
S12000034,2016-2018,68.05,Male,1-4 years,All,All
S12000034,2016-2018,49.69,Male,20-24 years,All,All
S12000034,2016-2018,27.25,Male,45-49 years,All,All
S12000034,2016-2018,35.89,Male,35-39 years,All,All
S12000033,2016-2018,1.91,Male,85-89 years,All,All
S12000033,2016-2018,1.41,Male,90 years,All,All
S12000041,2016-2018,6.53,Male,75-79 years,All,All
S12000041,2016-2018,2.09,Male,90 years,All,All
S12000041,2016-2018,11.96,Male,65-69 years,All,All
S12000033,2016-2018,11.92,Male,60-64 years,All,All
S12000033,2016-2018,14.95,Male,55-59 years,All,All
S12000041,2016-2018,41.05,Male,25-29 years,All,All
S12000041,2016-2018,4.52,Male,80-84 years,All,All
S12000041,2016-2018,3.07,Male,85-89 years,All,All
S12000041,2016-2018,45.14,Male,20-24 years,All,All
S12000033,2016-2018,21.82,Male,45-49 years,All,All
S12000035,2016-2018,16.45,Male,55-59 years,All,All
S12000034,2016-2018,1.86,Male,90 years,All,All
S12000033,2016-2018,18.32,Male,50-54 years,All,All
S12000033,2016-2018,42.58,Male,20-24 years,All,All
S12000033,2016-2018,9.27,Male,65-69 years,All,All
S12000035,2016-2018,20.01,Male,50-54 years,All,All
S12000033,2016-2018,38.08,Male,25-29 years,All,All
S12000034,2016-2018,64.17,Male,5-9 years,All,All
S12000034,2016-2018,59.31,Male,10-14 years,All,All
S12000034,2016-2018,68.92,Male,0 years,All,All
S12000033,2016-2018,4.77,Male,75-79 years,All,All
S12000033,2016-2018,3.17,Male,80-84 years,All,All
S12000041,2016-2018,29.32,Male,40-44 years,All,All
S12000041,2016-2018,25.5,Male,45-49 years,All,All
S12000033,2016-2018,6.93,Male,70-74 years,All,All
S12000041,2016-2018,21.73,Male,50-54 years,All,All
S12000041,2016-2018,18.22,Male,55-59 years,All,All
S92000003,2016-2018,65.33,Male,1-4 years,All,Accessible rural
S92000003,2016-2018,56.79,Male,10-14 years,All,Accessible rural
S92000003,2016-2018,52.04,Male,15-19 years,All,Accessible rural
S92000003,2016-2018,61.4,Male,5-9 years,All,Remote rural
S92000003,2016-2018,65.34,Male,1-4 years,All,Remote rural
S92000003,2016-2018,29.98,Male,40-44 years,All,Remote rural
S92000003,2016-2018,47.07,Male,20-24 years,All,Remote rural
S92000003,2016-2018,51.65,Male,15-19 years,All,Remote rural
S92000003,2016-2018,66.27,Male,0 years,All,Remote rural
S92000003,2016-2018,38.31,Male,30-34 years,All,Remote rural
S92000003,2016-2018,34.07,Male,35-39 years,All,Remote rural
S92000003,2016-2018,29.76,Male,40-44 years,All,Accessible rural
S92000003,2016-2018,25.56,Male,45-49 years,All,Accessible rural
S92000003,2016-2018,2.49,Male,85-89 years,All,Accessible rural
S92000003,2016-2018,3.89,Male,80-84 years,All,Accessible rural
S92000003,2016-2018,1.53,Male,90 years,All,Accessible rural
S92000003,2016-2018,47.42,Male,20-24 years,All,Accessible rural
S92000003,2016-2018,38.4,Male,30-34 years,All,Accessible rural
S92000003,2016-2018,42.84,Male,25-29 years,All,Accessible rural
S92000003,2016-2018,61.54,Male,5-9 years,All,Accessible rural
S92000003,2016-2018,14.16,Male,60-64 years,All,Accessible rural
S92000003,2016-2018,34.05,Male,35-39 years,All,Accessible rural
S92000003,2016-2018,17.67,Male,55-59 years,All,Accessible rural
S92000003,2016-2018,21.52,Male,50-54 years,All,Accessible rural
S92000003,2016-2018,5.83,Male,75-79 years,All,Accessible rural
S92000003,2016-2018,8.24,Male,70-74 years,All,Accessible rural
S92000003,2016-2018,11.03,Male,65-69 years,All,Accessible rural
S92000003,2016-2018,66.13,Male,0 years,All,Accessible rural
S92000003,2016-2018,3.16,Male,85-89 years,All,Remote rural
S92000003,2016-2018,4.78,Male,80-84 years,All,Remote rural
S92000003,2016-2018,22.16,Male,50-54 years,All,Remote rural
S92000003,2016-2018,25.99,Male,45-49 years,All,Remote rural
S92000003,2016-2018,12.12,Male,65-69 years,All,Remote rural
S92000003,2016-2018,18.57,Male,55-59 years,All,Remote rural
S92000003,2016-2018,6.83,Male,75-79 years,All,Remote rural
S92000003,2016-2018,2.01,Male,90 years,All,Remote rural
S92000003,2016-2018,42.61,Male,25-29 years,All,Remote rural
S92000003,2016-2018,9.32,Male,70-74 years,All,Remote rural
S92000003,2016-2018,15.23,Male,60-64 years,All,Remote rural
S92000003,2016-2018,56.45,Male,10-14 years,All,Remote rural
S92000003,2016-2018,14.26,Female,60-64 years,3,All
S92000003,2016-2018,11.16,Female,65-69 years,3,All
S92000003,2016-2018,17.51,Female,55-59 years,3,All
S92000003,2016-2018,24.68,Female,45-49 years,3,All
S92000003,2016-2018,31.71,Female,40-44 years,4,All
S92000003,2016-2018,35.87,Female,35-39 years,4,All
S92000003,2016-2018,19.89,Female,55-59 years,4,All
S92000003,2016-2018,27.64,Female,45-49 years,4,All
S92000003,2016-2018,23.67,Female,50-54 years,4,All
S92000003,2016-2018,1.74,Female,90 years,3,All
S92000003,2016-2018,5.91,Female,75-79 years,3,All
S92000003,2016-2018,2.63,Female,85-89 years,3,All
S92000003,2016-2018,8.33,Female,70-74 years,3,All
S92000003,2016-2018,62.39,Female,0 years,3,All
S92000003,2016-2018,4.02,Female,80-84 years,3,All
S92000003,2016-2018,20.99,Female,50-54 years,3,All
S92000003,2016-2018,65.49,Female,5-9 years,5 - least deprived,All
S92000003,2016-2018,60.81,Female,10-14 years,5 - least deprived,All
S92000003,2016-2018,51.61,Female,20-24 years,5 - least deprived,All
S92000003,2016-2018,13.7,Female,65-69 years,5 - least deprived,All
S92000003,2016-2018,17.4,Female,60-64 years,5 - least deprived,All
S92000003,2016-2018,25.31,Female,50-54 years,5 - least deprived,All
S92000003,2016-2018,47.1,Female,25-29 years,5 - least deprived,All
S92000003,2016-2018,21.26,Female,55-59 years,5 - least deprived,All
S92000003,2016-2018,70.03,Female,0 years,5 - least deprived,All
S92000003,2016-2018,29.49,Female,45-49 years,5 - least deprived,All
S92000003,2016-2018,38.16,Female,35-39 years,5 - least deprived,All
S92000003,2016-2018,33.79,Female,40-44 years,5 - least deprived,All
S92000003,2016-2018,42.62,Female,30-34 years,5 - least deprived,All
S92000003,2016-2018,4.55,Female,80-84 years,4,All
S92000003,2016-2018,2.93,Female,85-89 years,4,All
S92000003,2016-2018,1.93,Female,90 years,4,All
S92000003,2016-2018,66.28,Female,1-4 years,4,All
S92000003,2016-2018,44.45,Female,25-29 years,4,All
S92000003,2016-2018,48.82,Female,20-24 years,4,All
S92000003,2016-2018,40.13,Female,30-34 years,4,All
S92000003,2016-2018,53.26,Female,15-19 years,4,All
S92000003,2016-2018,6.81,Female,75-79 years,4,All
S92000003,2016-2018,9.62,Female,70-74 years,4,All
S92000003,2016-2018,67.03,Female,0 years,4,All
S92000003,2016-2018,62.52,Female,5-9 years,4,All
S92000003,2016-2018,57.85,Female,10-14 years,4,All
S92000003,2016-2018,12.82,Female,65-69 years,4,All
S92000003,2016-2018,16.28,Female,60-64 years,4,All
S92000003,2016-2018,10.25,Female,70-74 years,5 - least deprived,All
S92000003,2016-2018,7.17,Female,75-79 years,5 - least deprived,All
S92000003,2016-2018,56.17,Female,15-19 years,5 - least deprived,All
S92000003,2016-2018,1.81,Female,90 years,5 - least deprived,All
S92000003,2016-2018,69.23,Female,1-4 years,5 - least deprived,All
S92000003,2016-2018,2.88,Female,85-89 years,5 - least deprived,All
S92000003,2016-2018,4.69,Female,80-84 years,5 - least deprived,All
S92000003,2016-2018,5.58,Female,70-74 years,1 - most deprived,All
S92000003,2016-2018,3.09,Female,80-84 years,1 - most deprived,All
S92000003,2016-2018,1.75,Female,90 years,1 - most deprived,All
S92000003,2016-2018,2.28,Female,85-89 years,1 - most deprived,All
S92000003,2016-2018,46.72,Female,5-9 years,1 - most deprived,All
S92000003,2016-2018,42.46,Female,10-14 years,1 - most deprived,All
S92000003,2016-2018,38.23,Female,15-19 years,1 - most deprived,All
S92000003,2016-2018,50.78,Female,0 years,1 - most deprived,All
S92000003,2016-2018,50.13,Female,1-4 years,1 - most deprived,All
S92000003,2016-2018,34.13,Female,20-24 years,1 - most deprived,All
S12000010,2016-2018,6.41,Female,75-79 years,All,All
S12000047,2016-2018,5.75,Female,75-79 years,All,All
S12000047,2016-2018,3.89,Female,80-84 years,All,All
S12000049,2016-2018,48.89,Female,10-14 years,All,All
S12000049,2016-2018,44.27,Female,15-19 years,All,All
S12000010,2016-2018,2.72,Female,85-89 years,All,All
S12000010,2016-2018,4.32,Female,80-84 years,All,All
S12000011,2016-2018,35.8,Female,35-39 years,All,All
S12000011,2016-2018,61.89,Female,5-9 years,All,All
S12000011,2016-2018,31.61,Female,40-44 years,All,All
S12000011,2016-2018,65.39,Female,1-4 years,All,All
S12000049,2016-2018,53.63,Female,5-9 years,All,All
S12000047,2016-2018,19.94,Female,50-54 years,All,All
S12000049,2016-2018,57.48,Female,1-4 years,All,All
S12000014,2016-2018,9.37,Female,65-69 years,All,All
S12000014,2016-2018,6.9,Female,70-74 years,All,All
S12000047,2016-2018,34.75,Female,30-34 years,All,All
S12000047,2016-2018,10.82,Female,65-69 years,All,All
S12000047,2016-2018,8.13,Female,70-74 years,All,All
S12000047,2016-2018,1.79,Female,90 years,All,All
S12000049,2016-2018,58.16,Female,0 years,All,All
S12000047,2016-2018,30.79,Female,35-39 years,All,All
S12000047,2016-2018,2.61,Female,85-89 years,All,All
S12000010,2016-2018,11.61,Female,65-69 years,All,All
S12000010,2016-2018,8.86,Female,70-74 years,All,All
S12000011,2016-2018,48.64,Female,20-24 years,All,All
S12000011,2016-2018,53,Female,15-19 years,All,All
S12000011,2016-2018,57.45,Female,10-14 years,All,All
S12000047,2016-2018,13.74,Female,60-64 years,All,All
S12000047,2016-2018,16.73,Female,55-59 years,All,All
S12000011,2016-2018,27.51,Female,45-49 years,All,All
S12000011,2016-2018,44.38,Female,25-29 years,All,All
S12000011,2016-2018,40.01,Female,30-34 years,All,All
S12000011,2016-2018,23.51,Female,50-54 years,All,All
S92000003,2016-2018,40.81,Female,25-29 years,3,All
S92000003,2016-2018,28.54,Female,40-44 years,3,All
S92000003,2016-2018,36.61,Female,30-34 years,3,All
S92000003,2016-2018,61.61,Female,1-4 years,3,All
S92000003,2016-2018,58.1,Female,5-9 years,3,All
S92000003,2016-2018,32.51,Female,35-39 years,3,All
S92000003,2016-2018,45.03,Female,20-24 years,3,All
S92000003,2016-2018,53.7,Female,10-14 years,3,All
S92000003,2016-2018,49.32,Female,15-19 years,3,All
S12000045,2016-2018,41.64,Female,30-34 years,All,All
S12000045,2016-2018,28.63,Female,45-49 years,All,All
S12000045,2016-2018,67.55,Female,1-4 years,All,All
S12000045,2016-2018,68.36,Female,0 years,All,All
S12000045,2016-2018,24.44,Female,50-54 years,All,All
S12000045,2016-2018,32.87,Female,40-44 years,All,All
S12000045,2016-2018,10.1,Female,70-74 years,All,All
S12000045,2016-2018,16.85,Female,60-64 years,All,All
S12000045,2016-2018,64.01,Female,5-9 years,All,All
S12000008,2016-2018,1.67,Female,85-89 years,All,All
S12000045,2016-2018,37.25,Female,35-39 years,All,All
S12000045,2016-2018,13.26,Female,65-69 years,All,All
S12000045,2016-2018,20.61,Female,55-59 years,All,All
S92000003,2016-2018,27.41,Female,35-39 years,2,All
S92000003,2016-2018,23.76,Female,40-44 years,2,All
S92000003,2016-2018,39.55,Female,20-24 years,2,All
S12000008,2016-2018,14.04,Female,55-59 years,All,All
S12000008,2016-2018,20.76,Female,45-49 years,All,All
S12000008,2016-2018,24.43,Female,40-44 years,All,All
S12000008,2016-2018,17.25,Female,50-54 years,All,All
S12000042,2016-2018,22.26,Female,45-49 years,All,All
S12000042,2016-2018,18.83,Female,50-54 years,All,All
S12000008,2016-2018,28.25,Female,35-39 years,All,All
S12000008,2016-2018,45.18,Female,15-19 years,All,All
S12000008,2016-2018,54.28,Female,5-9 years,All,All
S12000042,2016-2018,29.63,Female,35-39 years,All,All
S92000003,2016-2018,43.89,Female,15-19 years,2,All
S12000008,2016-2018,57.96,Female,1-4 years,All,All
S12000042,2016-2018,25.91,Female,40-44 years,All,All
S12000014,2016-2018,3.27,Female,80-84 years,All,All
S12000014,2016-2018,25.64,Female,40-44 years,All,All
S12000014,2016-2018,21.94,Female,45-49 years,All,All
S12000014,2016-2018,12.11,Female,60-64 years,All,All
S12000014,2016-2018,15.09,Female,55-59 years,All,All
S12000047,2016-2018,51.49,Female,10-14 years,All,All
S12000008,2016-2018,11.03,Female,60-64 years,All,All
S12000014,2016-2018,18.37,Female,50-54 years,All,All
S12000047,2016-2018,47.09,Female,15-19 years,All,All
S12000014,2016-2018,4.9,Female,75-79 years,All,All
S12000008,2016-2018,6.08,Female,70-74 years,All,All
S12000008,2016-2018,8.42,Female,65-69 years,All,All
S12000008,2016-2018,2.7,Female,80-84 years,All,All
S12000008,2016-2018,32.34,Female,30-34 years,All,All
S12000008,2016-2018,49.73,Female,10-14 years,All,All
S12000008,2016-2018,4.18,Female,75-79 years,All,All
S92000003,2016-2018,22.72,Female,35-39 years,1 - most deprived,All
S92000003,2016-2018,19.47,Female,40-44 years,1 - most deprived,All
S92000003,2016-2018,30.18,Female,25-29 years,1 - most deprived,All
S92000003,2016-2018,4.17,Female,75-79 years,1 - most deprived,All
S92000003,2016-2018,11.33,Female,55-59 years,1 - most deprived,All
S92000003,2016-2018,16.5,Female,45-49 years,1 - most deprived,All
S92000003,2016-2018,26.33,Female,30-34 years,1 - most deprived,All
S92000003,2016-2018,9.24,Female,60-64 years,1 - most deprived,All
S92000003,2016-2018,7.31,Female,65-69 years,1 - most deprived,All
S92000003,2016-2018,13.75,Female,50-54 years,1 - most deprived,All
S12000014,2016-2018,33.65,Female,30-34 years,All,All
S12000014,2016-2018,29.56,Female,35-39 years,All,All
S12000014,2016-2018,46.63,Female,15-19 years,All,All
S12000014,2016-2018,51.18,Female,10-14 years,All,All
S12000011,2016-2018,66.14,Female,0 years,All,All
S12000010,2016-2018,1.51,Female,90 years,All,All
S12000034,2016-2018,3.97,Female,80-84 years,All,All
S12000034,2016-2018,6.05,Female,75-79 years,All,All
S12000041,2016-2018,63.39,Female,0 years,All,All
S12000034,2016-2018,2.4,Female,85-89 years,All,All
S12000041,2016-2018,62.72,Female,1-4 years,All,All
S12000034,2016-2018,1.71,Female,90 years,All,All
S12000014,2016-2018,60.2,Female,0 years,All,All
S12000014,2016-2018,59.53,Female,1-4 years,All,All
S12000014,2016-2018,42.12,Female,20-24 years,All,All
S12000011,2016-2018,12.57,Female,65-69 years,All,All
S12000011,2016-2018,19.64,Female,55-59 years,All,All
S12000010,2016-2018,51.03,Female,15-19 years,All,All
S12000010,2016-2018,55.42,Female,10-14 years,All,All
S12000042,2016-2018,15.74,Female,55-59 years,All,All
S12000010,2016-2018,63.29,Female,1-4 years,All,All
S12000042,2016-2018,7.53,Female,70-74 years,All,All
S12000042,2016-2018,5.35,Female,75-79 years,All,All
S12000011,2016-2018,9.25,Female,70-74 years,All,All
S12000042,2016-2018,12.82,Female,60-64 years,All,All
S12000042,2016-2018,10.07,Female,65-69 years,All,All
S12000011,2016-2018,16.14,Female,60-64 years,All,All
S12000014,2016-2018,55.79,Female,5-9 years,All,All
S12000011,2016-2018,2.64,Female,85-89 years,All,All
S12000011,2016-2018,1.84,Female,90 years,All,All
S12000011,2016-2018,4.26,Female,80-84 years,All,All
S12000014,2016-2018,37.82,Female,25-29 years,All,All
S12000011,2016-2018,6.52,Female,75-79 years,All,All
S12000041,2016-2018,14.97,Female,60-64 years,All,All
S12000047,2016-2018,27.06,Female,40-44 years,All,All
S12000047,2016-2018,23.42,Female,45-49 years,All,All
S12000041,2016-2018,32.63,Female,35-39 years,All,All
S12000041,2016-2018,40.88,Female,25-29 years,All,All
S12000041,2016-2018,58.91,Female,5-9 years,All,All
S12000041,2016-2018,54.23,Female,10-14 years,All,All
S12000041,2016-2018,45.17,Female,20-24 years,All,All
S12000041,2016-2018,28.75,Female,40-44 years,All,All
S12000041,2016-2018,49.64,Female,15-19 years,All,All
S12000041,2016-2018,21.44,Female,50-54 years,All,All
S12000041,2016-2018,25.01,Female,45-49 years,All,All
S12000041,2016-2018,36.68,Female,30-34 years,All,All
S12000041,2016-2018,18.06,Female,55-59 years,All,All
S12000010,2016-2018,25.69,Female,45-49 years,All,All
S12000010,2016-2018,14.74,Female,60-64 years,All,All
S12000014,2016-2018,1.32,Female,90 years,All,All
S12000010,2016-2018,18.19,Female,55-59 years,All,All
S12000010,2016-2018,42.31,Female,25-29 years,All,All
S12000045,2016-2018,7.21,Female,75-79 years,All,All
S12000010,2016-2018,21.82,Female,50-54 years,All,All
S12000014,2016-2018,2.07,Female,85-89 years,All,All
S12000045,2016-2018,2.06,Female,90 years,All,All
S12000010,2016-2018,64.03,Female,0 years,All,All
S12000045,2016-2018,4.82,Female,80-84 years,All,All
S12000045,2016-2018,3.07,Female,85-89 years,All,All
S12000008,2016-2018,36.45,Female,25-29 years,All,All
S12000047,2016-2018,42.84,Female,20-24 years,All,All
S92000003,2016-2018,17.16,Female,50-54 years,2,All
S12000047,2016-2018,38.75,Female,25-29 years,All,All
S92000003,2016-2018,20.37,Female,45-49 years,2,All
S12000047,2016-2018,60.16,Female,0 years,All,All
S12000047,2016-2018,59.53,Female,1-4 years,All,All
S12000008,2016-2018,40.73,Female,20-24 years,All,All
S12000047,2016-2018,55.93,Female,5-9 years,All,All
S92000003,2016-2018,31.3,Female,30-34 years,2,All
S92000003,2016-2018,11.57,Female,60-64 years,2,All
S92000003,2016-2018,35.36,Female,25-29 years,2,All
S92000003,2016-2018,2.52,Female,85-89 years,2,All
S92000003,2016-2018,3.65,Female,80-84 years,2,All
S92000003,2016-2018,1.78,Female,90 years,2,All
S92000003,2016-2018,56.81,Female,1-4 years,2,All
S92000003,2016-2018,57.54,Female,0 years,2,All
S12000042,2016-2018,1.62,Female,90 years,All,All
S92000003,2016-2018,9.13,Female,65-69 years,2,All
S12000008,2016-2018,58.75,Female,0 years,All,All
S12000042,2016-2018,46.76,Female,15-19 years,All,All
S12000042,2016-2018,51.25,Female,10-14 years,All,All
S12000042,2016-2018,33.66,Female,30-34 years,All,All
S12000010,2016-2018,59.81,Female,5-9 years,All,All
S12000042,2016-2018,42.3,Female,20-24 years,All,All
S12000045,2016-2018,59.53,Female,10-14 years,All,All
S12000045,2016-2018,46.03,Female,25-29 years,All,All
S92000003,2016-2018,53.05,Female,5-9 years,2,All
S92000003,2016-2018,48.42,Female,10-14 years,2,All
S12000042,2016-2018,37.88,Female,25-29 years,All,All
S12000042,2016-2018,3.72,Female,80-84 years,All,All
S12000010,2016-2018,38.03,Female,30-34 years,All,All
S12000042,2016-2018,2.47,Female,85-89 years,All,All
S92000003,2016-2018,14.24,Female,55-59 years,2,All
S92000003,2016-2018,6.99,Female,70-74 years,2,All
S92000003,2016-2018,5.13,Female,75-79 years,2,All
S12000045,2016-2018,50.49,Female,20-24 years,All,All
S12000010,2016-2018,29.72,Female,40-44 years,All,All
S12000045,2016-2018,55,Female,15-19 years,All,All
S12000008,2016-2018,1.02,Female,90 years,All,All
S12000010,2016-2018,46.61,Female,20-24 years,All,All
S12000010,2016-2018,33.76,Female,35-39 years,All,All
S92000003,2016-2018,30.71,Female,35-39 years,All,Large urban areas
S92000003,2016-2018,1.51,Female,90 years,All,Large urban areas
S92000003,2016-2018,5.29,Female,75-79 years,All,Large urban areas
S92000003,2016-2018,3.61,Female,80-84 years,All,Large urban areas
S92000003,2016-2018,34.94,Female,30-34 years,All,Large urban areas
S92000003,2016-2018,16.03,Female,55-59 years,All,Large urban areas
S92000003,2016-2018,26.71,Female,40-44 years,All,Large urban areas
S92000003,2016-2018,39.31,Female,25-29 years,All,Large urban areas
S92000003,2016-2018,43.74,Female,20-24 years,All,Large urban areas
S92000003,2016-2018,22.94,Female,45-49 years,All,Large urban areas
S92000003,2016-2018,12.93,Female,60-64 years,All,Large urban areas
S92000003,2016-2018,19.36,Female,50-54 years,All,Large urban areas
S12000030,2016-2018,14.63,Female,60-64 years,All,All
S12000030,2016-2018,1.67,Female,90 years,All,All
S12000039,2016-2018,55.8,Female,5-9 years,All,All
S12000030,2016-2018,21.64,Female,50-54 years,All,All
S12000030,2016-2018,25.48,Female,45-49 years,All,All
S12000030,2016-2018,18.01,Female,55-59 years,All,All
S12000030,2016-2018,29.4,Female,40-44 years,All,All
S12000030,2016-2018,33.58,Female,35-39 years,All,All
S12000030,2016-2018,8.56,Female,70-74 years,All,All
S12000039,2016-2018,59.75,Female,1-4 years,All,All
S12000039,2016-2018,60.66,Female,0 years,All,All
S12000030,2016-2018,37.76,Female,30-34 years,All,All
S12000030,2016-2018,42.01,Female,25-29 years,All,All
S92000003,2016-2018,60.78,Female,1-4 years,All,Large urban areas
S92000003,2016-2018,52.7,Female,10-14 years,All,Large urban areas
S12000039,2016-2018,37.03,Female,25-29 years,All,All
S92000003,2016-2018,48.2,Female,15-19 years,All,Large urban areas
S12000040,2016-2018,2.42,Female,90 years,All,All
S12000030,2016-2018,64.38,Female,0 years,All,All
S12000040,2016-2018,3.43,Female,85-89 years,All,All
S12000040,2016-2018,35.71,Female,30-34 years,All,All
S12000040,2016-2018,9.18,Female,70-74 years,All,All
S12000040,2016-2018,24.37,Female,45-49 years,All,All
S12000040,2016-2018,5,Female,80-84 years,All,All
S12000040,2016-2018,57.3,Female,5-9 years,All,All
S12000030,2016-2018,63.66,Female,1-4 years,All,All
S12000040,2016-2018,61.02,Female,1-4 years,All,All
S12000029,2016-2018,3.49,Female,80-84 years,All,All
S12000029,2016-2018,1.34,Female,90 years,All,All
S12000029,2016-2018,5.13,Female,75-79 years,All,All
S12000029,2016-2018,9.68,Female,65-69 years,All,All
S12000029,2016-2018,12.48,Female,60-64 years,All,All
S12000029,2016-2018,7.2,Female,70-74 years,All,All
S12000030,2016-2018,2.48,Female,85-89 years,All,All
S12000029,2016-2018,26.41,Female,40-44 years,All,All
S12000040,2016-2018,52.78,Female,10-14 years,All,All
S12000040,2016-2018,44.07,Female,20-24 years,All,All
S12000040,2016-2018,20.9,Female,50-54 years,All,All
S12000040,2016-2018,48.33,Female,15-19 years,All,All
S12000040,2016-2018,6.91,Female,75-79 years,All,All
S12000040,2016-2018,28.01,Female,40-44 years,All,All
S12000040,2016-2018,39.82,Female,25-29 years,All,All
S12000040,2016-2018,31.78,Female,35-39 years,All,All
S12000039,2016-2018,20.91,Female,45-49 years,All,All
S12000039,2016-2018,28.51,Female,35-39 years,All,All
S12000039,2016-2018,17.36,Female,50-54 years,All,All
S12000039,2016-2018,46.17,Female,15-19 years,All,All
S12000040,2016-2018,17.68,Female,55-59 years,All,All
S12000039,2016-2018,50.96,Female,10-14 years,All,All
S92000003,2016-2018,57.22,Female,5-9 years,All,Large urban areas
S12000039,2016-2018,14.14,Female,55-59 years,All,All
S12000039,2016-2018,11.2,Female,60-64 years,All,All
S12000039,2016-2018,2.92,Female,80-84 years,All,All
S12000039,2016-2018,32.65,Female,30-34 years,All,All
S12000039,2016-2018,1.77,Female,85-89 years,All,All
S12000039,2016-2018,41.57,Female,20-24 years,All,All
S12000039,2016-2018,24.53,Female,40-44 years,All,All
S12000040,2016-2018,14.58,Female,60-64 years,All,All
S12000040,2016-2018,11.79,Female,65-69 years,All,All
S12000039,2016-2018,1,Female,90 years,All,All
S12000040,2016-2018,61.81,Female,0 years,All,All
S12000029,2016-2018,2.19,Female,85-89 years,All,All
S12000030,2016-2018,50.81,Female,15-19 years,All,All
S12000030,2016-2018,55.37,Female,10-14 years,All,All
S12000029,2016-2018,30.37,Female,35-39 years,All,All
S12000029,2016-2018,18.98,Female,50-54 years,All,All
S12000029,2016-2018,15.57,Female,55-59 years,All,All
S12000030,2016-2018,4,Female,80-84 years,All,All
S12000030,2016-2018,5.97,Female,75-79 years,All,All
S12000030,2016-2018,11.52,Female,65-69 years,All,All
S12000030,2016-2018,46.38,Female,20-24 years,All,All
S12000030,2016-2018,59.98,Female,5-9 years,All,All
S12000039,2016-2018,4.34,Female,75-79 years,All,All
S92000003,2016-2018,61.45,Female,0 years,All,Large urban areas
S12000039,2016-2018,8.53,Female,65-69 years,All,All
S12000039,2016-2018,6.2,Female,70-74 years,All,All
S92000003,2016-2018,7.46,Female,70-74 years,All,Large urban areas
S92000003,2016-2018,2.33,Female,85-89 years,All,Large urban areas
S12000029,2016-2018,22.58,Female,45-49 years,All,All
S92000003,2016-2018,10.04,Female,65-69 years,All,Large urban areas
S92000003,2016-2018,35.8,Female,30-34 years,All,All
S92000003,2016-2018,16.91,Female,55-59 years,All,All
S92000003,2016-2018,20.31,Female,50-54 years,All,All
S92000003,2016-2018,31.68,Female,35-39 years,All,All
S92000003,2016-2018,48.78,Female,15-19 years,All,All
S92000003,2016-2018,23.94,Female,45-49 years,All,All
S92000003,2016-2018,27.73,Female,40-44 years,All,All
S92000003,2016-2018,53.29,Female,10-14 years,All,All
S92000003,2016-2018,40.05,Female,25-29 years,All,All
S92000003,2016-2018,5.82,Female,75-79 years,All,All
S92000003,2016-2018,1.74,Female,90 years,All,All
S92000003,2016-2018,13.75,Female,60-64 years,All,All
S92000003,2016-2018,8.12,Female,70-74 years,All,All
S92000003,2016-2018,2.63,Female,85-89 years,All,All
S92000003,2016-2018,44.37,Female,20-24 years,All,All
S92000003,2016-2018,4.01,Female,80-84 years,All,All
S92000003,2016-2018,50.35,Female,15-19 years,All,Remote rural
S92000003,2016-2018,54.74,Female,10-14 years,All,Remote rural
S92000003,2016-2018,46.17,Female,20-24 years,All,Remote rural
S92000003,2016-2018,62.79,Female,1-4 years,All,Remote rural
S12000033,2016-2018,63.41,Female,0 years,All,All
S92000003,2016-2018,59.18,Female,5-9 years,All,Remote rural
S92000003,2016-2018,42.15,Female,25-29 years,All,Remote rural
S92000003,2016-2018,9.38,Female,70-74 years,All,Remote rural
S92000003,2016-2018,34.18,Female,35-39 years,All,Remote rural
S92000003,2016-2018,15.77,Female,60-64 years,All,Remote rural
S92000003,2016-2018,4.38,Female,80-84 years,All,Remote rural
S92000003,2016-2018,63.61,Female,0 years,All,Remote rural
S92000003,2016-2018,12.47,Female,65-69 years,All,Remote rural
S92000003,2016-2018,19.18,Female,55-59 years,All,Remote rural
S92000003,2016-2018,26.46,Female,45-49 years,All,Remote rural
S92000003,2016-2018,38.11,Female,30-34 years,All,Remote rural
S92000003,2016-2018,6.66,Female,75-79 years,All,Remote rural
S92000003,2016-2018,22.75,Female,50-54 years,All,Remote rural
S92000003,2016-2018,30.31,Female,40-44 years,All,Remote rural
S92000003,2016-2018,12.38,Female,65-69 years,All,Accessible rural
S92000003,2016-2018,26.45,Female,45-49 years,All,Accessible rural
S92000003,2016-2018,18.98,Female,55-59 years,All,Accessible rural
S92000003,2016-2018,34.51,Female,35-39 years,All,Accessible rural
S92000003,2016-2018,56.23,Female,10-14 years,All,Accessible rural
S92000003,2016-2018,22.6,Female,50-54 years,All,Accessible rural
S92000003,2016-2018,61.48,Female,1-4 years,All,All
S92000003,2016-2018,62.21,Female,0 years,All,All
S92000003,2016-2018,10.79,Female,65-69 years,All,All
S92000003,2016-2018,57.84,Female,5-9 years,All,All
S92000003,2016-2018,6.89,Female,75-79 years,All,Accessible rural
S92000003,2016-2018,51.72,Female,15-19 years,All,Accessible rural
S92000003,2016-2018,65.19,Female,0 years,All,Accessible rural
S92000003,2016-2018,64.41,Female,1-4 years,All,Accessible rural
S92000003,2016-2018,60.77,Female,5-9 years,All,Accessible rural
S92000003,2016-2018,15.55,Female,60-64 years,All,Accessible rural
S92000003,2016-2018,42.99,Female,25-29 years,All,Accessible rural
S92000003,2016-2018,30.42,Female,40-44 years,All,Accessible rural
S92000003,2016-2018,38.71,Female,30-34 years,All,Accessible rural
S92000003,2016-2018,3.17,Female,85-89 years,All,Accessible rural
S92000003,2016-2018,9.45,Female,70-74 years,All,Accessible rural
S92000003,2016-2018,4.79,Female,80-84 years,All,Accessible rural
S92000003,2016-2018,47.31,Female,20-24 years,All,Accessible rural
S92000003,2016-2018,2.13,Female,90 years,All,Accessible rural
S92000003,2016-2018,56.97,Female,5-9 years,All,Other urban areas
S92000003,2016-2018,30.75,Female,35-39 years,All,Other urban areas
S92000003,2016-2018,52.32,Female,10-14 years,All,Other urban areas
S92000003,2016-2018,43.31,Female,20-24 years,All,Other urban areas
S92000003,2016-2018,60.73,Female,1-4 years,All,Other urban areas
S92000003,2016-2018,39,Female,25-29 years,All,Other urban areas
S92000003,2016-2018,61.5,Female,0 years,All,Other urban areas
S92000003,2016-2018,47.75,Female,15-19 years,All,Other urban areas
S92000003,2016-2018,16.38,Female,55-59 years,All,Other urban areas
S92000003,2016-2018,45.52,Female,20-24 years,All,Remote small towns
S92000003,2016-2018,41.43,Female,25-29 years,All,Remote small towns
S92000003,2016-2018,1.62,Female,90 years,All,Remote small towns
S92000003,2016-2018,14.73,Female,60-64 years,All,Remote small towns
S92000003,2016-2018,8.99,Female,70-74 years,All,Remote small towns
S92000003,2016-2018,25.38,Female,45-49 years,All,Remote small towns
S92000003,2016-2018,11.69,Female,65-69 years,All,Remote small towns
S92000003,2016-2018,21.64,Female,50-54 years,All,Remote small towns
S92000003,2016-2018,18.12,Female,55-59 years,All,Remote small towns
S92000003,2016-2018,2.9,Female,85-89 years,All,Remote small towns
S92000003,2016-2018,34.81,Female,30-34 years,All,Other urban areas
S92000003,2016-2018,26.89,Female,40-44 years,All,Other urban areas
S92000003,2016-2018,37.3,Female,30-34 years,All,Remote small towns
S92000003,2016-2018,4.06,Female,80-84 years,All,Other urban areas
S92000003,2016-2018,23.21,Female,45-49 years,All,Other urban areas
S92000003,2016-2018,19.68,Female,50-54 years,All,Other urban areas
S92000003,2016-2018,13.33,Female,60-64 years,All,Other urban areas
S92000003,2016-2018,10.52,Female,65-69 years,All,Other urban areas
S92000003,2016-2018,5.81,Female,75-79 years,All,Other urban areas
S92000003,2016-2018,2.69,Female,85-89 years,All,Other urban areas
S92000003,2016-2018,7.99,Female,70-74 years,All,Other urban areas
S92000003,2016-2018,1.76,Female,90 years,All,Other urban areas
S92000003,2016-2018,17.6,Female,55-59 years,All,Accessible small towns
S92000003,2016-2018,14.36,Female,60-64 years,All,Accessible small towns
S92000003,2016-2018,11.34,Female,65-69 years,All,Accessible small towns
S92000003,2016-2018,21.07,Female,50-54 years,All,Accessible small towns
S92000003,2016-2018,24.74,Female,45-49 years,All,Accessible small towns
S92000003,2016-2018,1.81,Female,90 years,All,Accessible small towns
S92000003,2016-2018,2.85,Female,85-89 years,All,Accessible small towns
S92000003,2016-2018,2.77,Female,85-89 years,All,Remote rural
S92000003,2016-2018,6.25,Female,75-79 years,All,Accessible small towns
S92000003,2016-2018,8.64,Female,70-74 years,All,Accessible small towns
S92000003,2016-2018,1.88,Female,90 years,All,Remote rural
S92000003,2016-2018,4.31,Female,80-84 years,All,Accessible small towns
S92000003,2016-2018,4.59,Female,80-84 years,All,Remote small towns
S92000003,2016-2018,49.55,Female,15-19 years,All,Remote small towns
S92000003,2016-2018,6.59,Female,75-79 years,All,Remote small towns
S92000003,2016-2018,40.77,Female,25-29 years,All,Accessible small towns
S92000003,2016-2018,44.98,Female,20-24 years,All,Accessible small towns
S92000003,2016-2018,53.44,Female,10-14 years,All,Remote small towns
S92000003,2016-2018,60.27,Female,1-4 years,All,Remote small towns
S92000003,2016-2018,60.81,Female,0 years,All,Remote small towns
S92000003,2016-2018,57.3,Female,5-9 years,All,Remote small towns
S92000003,2016-2018,33.21,Female,35-39 years,All,Remote small towns
S92000003,2016-2018,29.23,Female,40-44 years,All,Remote small towns
S92000003,2016-2018,61.81,Female,1-4 years,All,Accessible small towns
S92000003,2016-2018,32.53,Female,35-39 years,All,Accessible small towns
S92000003,2016-2018,58.23,Female,5-9 years,All,Accessible small towns
S92000003,2016-2018,62.56,Female,0 years,All,Accessible small towns
S92000003,2016-2018,49.33,Female,15-19 years,All,Accessible small towns
S92000003,2016-2018,36.61,Female,30-34 years,All,Accessible small towns
S92000003,2016-2018,28.58,Female,40-44 years,All,Accessible small towns
S92000003,2016-2018,53.74,Female,10-14 years,All,Accessible small towns
S12000020,2016-2018,14.66,Female,60-64 years,All,All
S12000020,2016-2018,1.33,Female,90 years,All,All
S12000020,2016-2018,8.22,Female,70-74 years,All,All
S12000013,2016-2018,66.06,Female,1-4 years,All,All
S12000013,2016-2018,66.91,Female,0 years,All,All
S12000020,2016-2018,21.49,Female,50-54 years,All,All
S12000019,2016-2018,2.04,Female,90 years,All,All
S12000020,2016-2018,62.11,Female,0 years,All,All
S12000021,2016-2018,8.45,Female,70-74 years,All,All
S12000021,2016-2018,13.37,Female,60-64 years,All,All
S12000021,2016-2018,6.39,Female,75-79 years,All,All
S12000020,2016-2018,25.2,Female,45-49 years,All,All
S12000020,2016-2018,45.25,Female,20-24 years,All,All
S12000020,2016-2018,17.89,Female,55-59 years,All,All
S12000019,2016-2018,3.19,Female,85-89 years,All,All
S12000020,2016-2018,41.24,Female,25-29 years,All,All
S12000017,2016-2018,15.92,Female,60-64 years,All,All
S12000017,2016-2018,6.98,Female,75-79 years,All,All
S12000017,2016-2018,12.7,Female,65-69 years,All,All
S12000017,2016-2018,3.13,Female,85-89 years,All,All
S12000017,2016-2018,1.97,Female,90 years,All,All
S12000017,2016-2018,4.8,Female,80-84 years,All,All
S12000019,2016-2018,40.96,Female,25-29 years,All,All
S12000017,2016-2018,22.92,Female,50-54 years,All,All
S12000019,2016-2018,45.33,Female,20-24 years,All,All
S12000017,2016-2018,19.29,Female,55-59 years,All,All
S12000017,2016-2018,9.68,Female,70-74 years,All,All
S12000049,2016-2018,16.66,Female,50-54 years,All,All
S12000049,2016-2018,13.64,Female,55-59 years,All,All
S12000049,2016-2018,19.93,Female,45-49 years,All,All
S12000020,2016-2018,2.25,Female,85-89 years,All,All
S12000049,2016-2018,10.85,Female,60-64 years,All,All
S12000049,2016-2018,23.44,Female,40-44 years,All,All
S12000049,2016-2018,35.41,Female,25-29 years,All,All
S12000049,2016-2018,39.77,Female,20-24 years,All,All
S12000049,2016-2018,31.21,Female,30-34 years,All,All
S12000049,2016-2018,27.19,Female,35-39 years,All,All
S12000020,2016-2018,57.99,Female,5-9 years,All,All
S12000013,2016-2018,49.39,Female,20-24 years,All,All
S12000013,2016-2018,44.87,Female,25-29 years,All,All
S12000013,2016-2018,27.5,Female,45-49 years,All,All
S12000013,2016-2018,31.77,Female,40-44 years,All,All
S12000020,2016-2018,33.23,Female,35-39 years,All,All
S12000013,2016-2018,62.61,Female,5-9 years,All,All
S12000013,2016-2018,58.23,Female,10-14 years,All,All
S12000013,2016-2018,40.47,Female,30-34 years,All,All
S12000021,2016-2018,22.38,Female,45-49 years,All,All
S12000020,2016-2018,37.25,Female,30-34 years,All,All
S12000021,2016-2018,25.62,Female,40-44 years,All,All
S12000021,2016-2018,10.85,Female,65-69 years,All,All
S12000020,2016-2018,29.14,Female,40-44 years,All,All
S12000020,2016-2018,61.43,Female,1-4 years,All,All
S12000019,2016-2018,6.71,Female,75-79 years,All,All
S12000020,2016-2018,53.63,Female,10-14 years,All,All
S12000013,2016-2018,53.76,Female,15-19 years,All,All
S12000019,2016-2018,4.79,Female,80-84 years,All,All
S12000020,2016-2018,11.24,Female,65-69 years,All,All
S12000013,2016-2018,36.07,Female,35-39 years,All,All
S12000020,2016-2018,3.45,Female,80-84 years,All,All
S12000020,2016-2018,49.33,Female,15-19 years,All,All
S12000020,2016-2018,5.62,Female,75-79 years,All,All
S12000013,2016-2018,12.81,Female,65-69 years,All,All
S12000021,2016-2018,36.32,Female,25-29 years,All,All
S12000021,2016-2018,44,Female,15-19 years,All,All
S12000021,2016-2018,29.03,Female,35-39 years,All,All
S12000021,2016-2018,40.11,Female,20-24 years,All,All
S12000013,2016-2018,16.14,Female,60-64 years,All,All
S12000021,2016-2018,55.54,Female,1-4 years,All,All
S12000021,2016-2018,56.01,Female,0 years,All,All
S12000021,2016-2018,52.17,Female,5-9 years,All,All
S12000021,2016-2018,32.61,Female,30-34 years,All,All
S12000049,2016-2018,8.41,Female,65-69 years,All,All
S12000049,2016-2018,2.08,Female,85-89 years,All,All
S12000013,2016-2018,4.78,Female,80-84 years,All,All
S12000049,2016-2018,3.17,Female,80-84 years,All,All
S12000049,2016-2018,4.56,Female,75-79 years,All,All
S12000049,2016-2018,6.31,Female,70-74 years,All,All
S12000013,2016-2018,23.42,Female,50-54 years,All,All
S12000050,2016-2018,58.94,Female,0 years,All,All
S12000013,2016-2018,9.87,Female,70-74 years,All,All
S12000013,2016-2018,7.11,Female,75-79 years,All,All
S12000021,2016-2018,2.3,Female,90 years,All,All
S12000018,2016-2018,2.09,Female,90 years,All,All
S12000019,2016-2018,62.64,Female,1-4 years,All,All
S12000019,2016-2018,58.89,Female,5-9 years,All,All
S12000019,2016-2018,54.27,Female,10-14 years,All,All
S12000019,2016-2018,49.71,Female,15-19 years,All,All
S12000019,2016-2018,63.46,Female,0 years,All,All
S12000017,2016-2018,65.41,Female,0 years,All,All
S12000017,2016-2018,64.63,Female,1-4 years,All,All
S12000049,2016-2018,1.29,Female,90 years,All,All
S12000018,2016-2018,3.32,Female,85-89 years,All,All
S12000017,2016-2018,60.99,Female,5-9 years,All,All
S12000021,2016-2018,48.01,Female,10-14 years,All,All
S12000017,2016-2018,26.76,Female,45-49 years,All,All
S12000017,2016-2018,34.78,Female,35-39 years,All,All
S12000050,2016-2018,45.09,Female,15-19 years,All,All
S12000021,2016-2018,3.26,Female,85-89 years,All,All
S12000017,2016-2018,39,Female,30-34 years,All,All
S12000017,2016-2018,56.43,Female,10-14 years,All,All
S12000017,2016-2018,30.71,Female,40-44 years,All,All
S12000017,2016-2018,51.94,Female,15-19 years,All,All
S12000017,2016-2018,43.33,Female,25-29 years,All,All
S12000017,2016-2018,47.58,Female,20-24 years,All,All
S12000050,2016-2018,49.69,Female,10-14 years,All,All
S12000013,2016-2018,2.98,Female,85-89 years,All,All
S12000050,2016-2018,54.32,Female,5-9 years,All,All
S12000013,2016-2018,1.78,Female,90 years,All,All
S12000013,2016-2018,19.68,Female,55-59 years,All,All
S12000050,2016-2018,58.06,Female,1-4 years,All,All
S12000021,2016-2018,4.62,Female,80-84 years,All,All
S12000050,2016-2018,40.57,Female,20-24 years,All,All
S12000021,2016-2018,16.2,Female,55-59 years,All,All
S12000021,2016-2018,19.19,Female,50-54 years,All,All
S12000019,2016-2018,32.48,Female,35-39 years,All,All
S12000019,2016-2018,24.71,Female,45-49 years,All,All
S12000019,2016-2018,21.06,Female,50-54 years,All,All
S12000019,2016-2018,17.66,Female,55-59 years,All,All
S12000019,2016-2018,14.5,Female,60-64 years,All,All
S12000019,2016-2018,28.54,Female,40-44 years,All,All
S12000026,2016-2018,2.49,Female,90 years,All,All
S12000026,2016-2018,8.05,Female,75-79 years,All,All
S12000027,2016-2018,54.67,Female,5-9 years,All,All
S12000019,2016-2018,36.66,Female,30-34 years,All,All
S12000027,2016-2018,57.62,Female,1-4 years,All,All
S12000018,2016-2018,54.92,Female,5-9 years,All,All
S12000018,2016-2018,41.17,Female,20-24 years,All,All
S12000018,2016-2018,50.11,Female,10-14 years,All,All
S12000018,2016-2018,33.05,Female,30-34 years,All,All
S12000018,2016-2018,29.26,Female,35-39 years,All,All
S12000018,2016-2018,37.04,Female,25-29 years,All,All
S12000019,2016-2018,9.02,Female,70-74 years,All,All
S12000018,2016-2018,59.71,Female,0 years,All,All
S12000019,2016-2018,11.62,Female,65-69 years,All,All
S12000018,2016-2018,58.89,Female,1-4 years,All,All
S12000018,2016-2018,45.52,Female,15-19 years,All,All
S12000050,2016-2018,20.15,Female,45-49 years,All,All
S12000018,2016-2018,13.5,Female,60-64 years,All,All
S12000050,2016-2018,27.77,Female,35-39 years,All,All
S12000018,2016-2018,25.79,Female,40-44 years,All,All
S12000027,2016-2018,58.36,Female,0 years,All,All
S12000018,2016-2018,19.32,Female,50-54 years,All,All
S12000023,2016-2018,68.32,Female,5-9 years,All,All
S12000023,2016-2018,63.32,Female,10-14 years,All,All
S12000050,2016-2018,23.85,Female,40-44 years,All,All
S12000050,2016-2018,31.88,Female,30-34 years,All,All
S12000050,2016-2018,36.18,Female,25-29 years,All,All
S12000026,2016-2018,3.94,Female,85-89 years,All,All
S12000026,2016-2018,5.75,Female,80-84 years,All,All
S12000018,2016-2018,6.88,Female,75-79 years,All,All
S12000027,2016-2018,32.41,Female,35-39 years,All,All
S12000027,2016-2018,28.8,Female,40-44 years,All,All
S12000026,2016-2018,10.71,Female,70-74 years,All,All
S12000018,2016-2018,10.96,Female,65-69 years,All,All
S12000018,2016-2018,4.97,Female,80-84 years,All,All
S12000018,2016-2018,16.38,Female,55-59 years,All,All
S12000018,2016-2018,22.5,Female,45-49 years,All,All
S12000018,2016-2018,8.75,Female,70-74 years,All,All
S12000038,2016-2018,1.68,Female,90 years,All,All
S12000026,2016-2018,65.32,Female,0 years,All,All
S12000027,2016-2018,47.19,Female,15-19 years,All,All
S12000026,2016-2018,23.41,Female,50-54 years,All,All
S12000026,2016-2018,20.01,Female,55-59 years,All,All
S12000026,2016-2018,64.54,Female,1-4 years,All,All
S12000026,2016-2018,56.17,Female,10-14 years,All,All
S12000027,2016-2018,25.35,Female,45-49 years,All,All
S12000026,2016-2018,60.77,Female,5-9 years,All,All
S12000027,2016-2018,50.94,Female,10-14 years,All,All
S12000027,2016-2018,21.81,Female,50-54 years,All,All
S12000034,2016-2018,48.76,Female,20-24 years,All,All
S12000034,2016-2018,67.08,Female,1-4 years,All,All
S12000033,2016-2018,1.97,Female,90 years,All,All
S12000005,2016-2018,2.51,Female,90 years,All,All
S12000034,2016-2018,53.44,Female,15-19 years,All,All
S12000034,2016-2018,63.14,Female,5-9 years,All,All
S12000026,2016-2018,47.23,Female,20-24 years,All,All
S12000038,2016-2018,3.68,Female,80-84 years,All,All
S12000026,2016-2018,51.62,Female,15-19 years,All,All
S12000034,2016-2018,67.99,Female,0 years,All,All
S12000038,2016-2018,2.5,Female,85-89 years,All,All
S12000026,2016-2018,13.55,Female,65-69 years,All,All
S12000026,2016-2018,43.01,Female,25-29 years,All,All
S12000026,2016-2018,16.71,Female,60-64 years,All,All
S12000028,2016-2018,18.32,Female,55-59 years,All,All
S12000028,2016-2018,15,Female,60-64 years,All,All
S12000026,2016-2018,38.89,Female,30-34 years,All,All
S12000026,2016-2018,30.94,Female,40-44 years,All,All
S12000026,2016-2018,27.06,Female,45-49 years,All,All
S12000026,2016-2018,34.88,Female,35-39 years,All,All
S12000028,2016-2018,6.65,Female,75-79 years,All,All
S12000028,2016-2018,9.11,Female,70-74 years,All,All
S12000028,2016-2018,21.73,Female,50-54 years,All,All
S12000027,2016-2018,43.44,Female,20-24 years,All,All
S12000028,2016-2018,25.39,Female,45-49 years,All,All
S12000027,2016-2018,36.05,Female,30-34 years,All,All
S12000027,2016-2018,39.69,Female,25-29 years,All,All
S12000029,2016-2018,48.05,Female,15-19 years,All,All
S12000029,2016-2018,43.42,Female,20-24 years,All,All
S12000028,2016-2018,11.96,Female,65-69 years,All,All
S12000028,2016-2018,3.16,Female,85-89 years,All,All
S12000028,2016-2018,4.68,Female,80-84 years,All,All
S12000028,2016-2018,45.36,Female,20-24 years,All,All
S12000028,2016-2018,62.88,Female,1-4 years,All,All
S12000028,2016-2018,29.1,Female,40-44 years,All,All
S12000023,2016-2018,7.21,Female,80-84 years,All,All
S12000023,2016-2018,48.79,Female,25-29 years,All,All
S12000023,2016-2018,5,Female,85-89 years,All,All
S12000023,2016-2018,27,Female,50-54 years,All,All
S12000023,2016-2018,39.72,Female,35-39 years,All,All
S12000028,2016-2018,54.46,Female,10-14 years,All,All
S12000028,2016-2018,59.12,Female,5-9 years,All,All
S12000028,2016-2018,32.99,Female,35-39 years,All,All
S12000029,2016-2018,61.43,Female,1-4 years,All,All
S12000029,2016-2018,57.56,Female,5-9 years,All,All
S12000023,2016-2018,58.32,Female,15-19 years,All,All
S12000027,2016-2018,4.66,Female,80-84 years,All,All
S12000027,2016-2018,3.07,Female,85-89 years,All,All
S12000029,2016-2018,52.77,Female,10-14 years,All,All
S12000048,2016-2018,65.99,Female,0 years,All,All
S12000023,2016-2018,53.37,Female,20-24 years,All,All
S12000023,2016-2018,3.27,Female,90 years,All,All
S12000023,2016-2018,44.29,Female,30-34 years,All,All
S12000023,2016-2018,31.05,Female,45-49 years,All,All
S12000023,2016-2018,35.27,Female,40-44 years,All,All
S12000028,2016-2018,49.82,Female,15-19 years,All,All
S12000038,2016-2018,7.58,Female,70-74 years,All,All
S12000038,2016-2018,52.82,Female,10-14 years,All,All
S12000038,2016-2018,27,Female,40-44 years,All,All
S12000038,2016-2018,57.55,Female,5-9 years,All,All
S12000038,2016-2018,61.32,Female,1-4 years,All,All
S12000048,2016-2018,2.19,Female,90 years,All,All
S12000050,2016-2018,2.72,Female,80-84 years,All,All
S12000038,2016-2018,13.18,Female,60-64 years,All,All
S12000050,2016-2018,1.73,Female,85-89 years,All,All
S12000038,2016-2018,10.21,Female,65-69 years,All,All
S12000038,2016-2018,5.38,Female,75-79 years,All,All
S12000023,2016-2018,19.6,Female,60-64 years,All,All
S12000023,2016-2018,15.96,Female,65-69 years,All,All
S12000023,2016-2018,23.35,Female,55-59 years,All,All
S12000023,2016-2018,72.32,Female,1-4 years,All,All
S12000023,2016-2018,73.32,Female,0 years,All,All
S12000023,2016-2018,9.74,Female,75-79 years,All,All
S12000050,2016-2018,16.65,Female,50-54 years,All,All
S12000023,2016-2018,12.72,Female,70-74 years,All,All
S12000050,2016-2018,13.44,Female,55-59 years,All,All
S12000050,2016-2018,8.03,Female,65-69 years,All,All
S12000050,2016-2018,10.61,Female,60-64 years,All,All
S12000027,2016-2018,6.85,Female,75-79 years,All,All
S12000028,2016-2018,41.19,Female,25-29 years,All,All
S12000027,2016-2018,9.44,Female,70-74 years,All,All
S12000027,2016-2018,1.82,Female,90 years,All,All
S12000028,2016-2018,63.69,Female,0 years,All,All
S12000028,2016-2018,37.05,Female,30-34 years,All,All
S12000029,2016-2018,34.54,Female,30-34 years,All,All
S12000028,2016-2018,2.33,Female,90 years,All,All
S12000029,2016-2018,38.91,Female,25-29 years,All,All
S12000027,2016-2018,12.53,Female,65-69 years,All,All
S12000029,2016-2018,62.21,Female,0 years,All,All
S12000038,2016-2018,39.25,Female,25-29 years,All,All
S12000050,2016-2018,5.83,Female,70-74 years,All,All
S12000038,2016-2018,62.16,Female,0 years,All,All
S12000050,2016-2018,4.03,Female,75-79 years,All,All
S12000050,2016-2018,1.09,Female,90 years,All,All
S12000027,2016-2018,15.56,Female,60-64 years,All,All
S12000038,2016-2018,48.15,Female,15-19 years,All,All
S12000027,2016-2018,18.52,Female,55-59 years,All,All
S12000038,2016-2018,43.6,Female,20-24 years,All,All
S12000038,2016-2018,35.02,Female,30-34 years,All,All
S12000042,2016-2018,55.78,Female,5-9 years,All,All
S12000006,2016-2018,3.21,Female,85-89 years,All,All
S12000006,2016-2018,9.5,Female,70-74 years,All,All
S12000006,2016-2018,33.58,Female,35-39 years,All,All
S12000006,2016-2018,37.71,Female,30-34 years,All,All
S12000006,2016-2018,12.26,Female,65-69 years,All,All
S12000036,2016-2018,55.78,Female,10-14 years,All,All
S12000006,2016-2018,25.82,Female,45-49 years,All,All
S12000036,2016-2018,51.53,Female,15-19 years,All,All
S12000042,2016-2018,59.32,Female,1-4 years,All,All
S12000006,2016-2018,22.15,Female,50-54 years,All,All
S12000035,2016-2018,17.85,Female,55-59 years,All,All
S12000005,2016-2018,60.68,Female,1-4 years,All,All
S12000035,2016-2018,6.36,Female,75-79 years,All,All
S12000035,2016-2018,4.42,Female,80-84 years,All,All
S12000035,2016-2018,2.81,Female,85-89 years,All,All
S12000005,2016-2018,61.56,Female,0 years,All,All
S12000042,2016-2018,59.82,Female,0 years,All,All
S12000035,2016-2018,1.62,Female,90 years,All,All
S12000006,2016-2018,1.95,Female,90 years,All,All
S12000036,2016-2018,63.86,Female,0 years,All,All
S12000035,2016-2018,14.64,Female,60-64 years,All,All
S12000038,2016-2018,19.69,Female,50-54 years,All,All
S12000038,2016-2018,23.32,Female,45-49 years,All,All
S12000038,2016-2018,30.9,Female,35-39 years,All,All
S12000048,2016-2018,3.42,Female,85-89 years,All,All
S12000048,2016-2018,7.69,Female,75-79 years,All,All
S12000048,2016-2018,10.45,Female,70-74 years,All,All
S12000048,2016-2018,40.42,Female,30-34 years,All,All
S12000048,2016-2018,61.8,Female,5-9 years,All,All
S12000048,2016-2018,32.24,Female,40-44 years,All,All
S12000038,2016-2018,16.32,Female,55-59 years,All,All
S12000048,2016-2018,36.28,Female,35-39 years,All,All
S12000006,2016-2018,18.62,Female,55-59 years,All,All
S12000006,2016-2018,41.88,Female,25-29 years,All,All
S12000048,2016-2018,57.34,Female,10-14 years,All,All
S12000006,2016-2018,29.69,Female,40-44 years,All,All
S12000006,2016-2018,46.21,Female,20-24 years,All,All
S12000006,2016-2018,15.29,Female,60-64 years,All,All
S12000048,2016-2018,5.16,Female,80-84 years,All,All
S12000048,2016-2018,48.73,Female,20-24 years,All,All
S12000048,2016-2018,24.51,Female,50-54 years,All,All
S12000048,2016-2018,52.93,Female,15-19 years,All,All
S12000048,2016-2018,65.32,Female,1-4 years,All,All
S12000035,2016-2018,11.65,Female,65-69 years,All,All
S12000036,2016-2018,43.06,Female,25-29 years,All,All
S12000035,2016-2018,8.86,Female,70-74 years,All,All
S12000036,2016-2018,38.78,Female,30-34 years,All,All
S12000036,2016-2018,59.99,Female,5-9 years,All,All
S12000036,2016-2018,30.37,Female,40-44 years,All,All
S12000036,2016-2018,34.51,Female,35-39 years,All,All
S12000036,2016-2018,63.23,Female,1-4 years,All,All
S12000036,2016-2018,47.33,Female,20-24 years,All,All
S12000005,2016-2018,29.16,Female,40-44 years,All,All
S12000006,2016-2018,63.45,Female,1-4 years,All,All
S12000005,2016-2018,25.6,Female,45-49 years,All,All
S12000041,2016-2018,12.04,Female,65-69 years,All,All
S12000041,2016-2018,3.17,Female,85-89 years,All,All
S12000006,2016-2018,59.75,Female,5-9 years,All,All
S12000005,2016-2018,5.43,Female,80-84 years,All,All
S12000006,2016-2018,50.59,Female,15-19 years,All,All
S12000006,2016-2018,55.13,Female,10-14 years,All,All
S12000005,2016-2018,7.55,Female,75-79 years,All,All
S12000006,2016-2018,64.25,Female,0 years,All,All
S12000035,2016-2018,58.8,Female,5-9 years,All,All
S12000035,2016-2018,54.42,Female,10-14 years,All,All
S12000035,2016-2018,62.27,Female,1-4 years,All,All
S12000035,2016-2018,50.08,Female,15-19 years,All,All
S12000035,2016-2018,41.43,Female,25-29 years,All,All
S12000035,2016-2018,37.12,Female,30-34 years,All,All
S12000041,2016-2018,4.78,Female,80-84 years,All,All
S12000041,2016-2018,6.78,Female,75-79 years,All,All
S12000041,2016-2018,9.27,Female,70-74 years,All,All
S12000035,2016-2018,62.95,Female,0 years,All,All
S12000041,2016-2018,2.24,Female,90 years,All,All
S12000034,2016-2018,26.84,Female,45-49 years,All,All
S12000034,2016-2018,30.99,Female,40-44 years,All,All
S12000034,2016-2018,35.28,Female,35-39 years,All,All
S12000034,2016-2018,15.25,Female,60-64 years,All,All
S12000034,2016-2018,11.83,Female,65-69 years,All,All
S12000034,2016-2018,18.93,Female,55-59 years,All,All
S12000034,2016-2018,44.23,Female,25-29 years,All,All
S12000034,2016-2018,58.25,Female,10-14 years,All,All
S12000005,2016-2018,4.02,Female,85-89 years,All,All
S12000034,2016-2018,22.78,Female,50-54 years,All,All
S12000034,2016-2018,39.7,Female,30-34 years,All,All
S12000006,2016-2018,4.93,Female,80-84 years,All,All
S12000006,2016-2018,7.06,Female,75-79 years,All,All
S12000005,2016-2018,36.59,Female,30-34 years,All,All
S12000005,2016-2018,15.71,Female,60-64 years,All,All
S12000005,2016-2018,18.86,Female,55-59 years,All,All
S12000005,2016-2018,12.8,Female,65-69 years,All,All
S12000005,2016-2018,32.73,Female,35-39 years,All,All
S12000034,2016-2018,8.73,Female,70-74 years,All,All
S12000005,2016-2018,22.13,Female,50-54 years,All,All
S12000005,2016-2018,10.12,Female,70-74 years,All,All
S12000036,2016-2018,22.62,Female,50-54 years,All,All
S12000048,2016-2018,13.71,Female,65-69 years,All,All
S12000036,2016-2018,26.47,Female,45-49 years,All,All
S12000048,2016-2018,28.32,Female,45-49 years,All,All
S12000036,2016-2018,8.68,Female,70-74 years,All,All
S12000048,2016-2018,20.76,Female,55-59 years,All,All
S12000033,2016-2018,2.91,Female,85-89 years,All,All
S12000036,2016-2018,3.53,Female,80-84 years,All,All
S12000033,2016-2018,4.41,Female,80-84 years,All,All
S12000036,2016-2018,11.97,Female,65-69 years,All,All
S12000036,2016-2018,5.79,Female,75-79 years,All,All
S12000036,2016-2018,18.93,Female,55-59 years,All,All
S12000036,2016-2018,15.42,Female,60-64 years,All,All
S12000036,2016-2018,2,Female,85-89 years,All,All
S12000005,2016-2018,48.75,Female,15-19 years,All,All
S12000048,2016-2018,44.58,Female,25-29 years,All,All
S12000005,2016-2018,52.93,Female,10-14 years,All,All
S12000005,2016-2018,44.61,Female,20-24 years,All,All
S12000036,2016-2018,1.13,Female,90 years,All,All
S12000048,2016-2018,17.2,Female,60-64 years,All,All
S12000005,2016-2018,57.25,Female,5-9 years,All,All
S12000005,2016-2018,40.46,Female,25-29 years,All,All
S12000033,2016-2018,45.13,Female,20-24 years,All,All
S12000033,2016-2018,58.87,Female,5-9 years,All,All
S12000033,2016-2018,62.61,Female,1-4 years,All,All
S12000033,2016-2018,54.19,Female,10-14 years,All,All
S12000033,2016-2018,40.74,Female,25-29 years,All,All
S12000033,2016-2018,49.59,Female,15-19 years,All,All
S12000035,2016-2018,32.94,Female,35-39 years,All,All
S12000035,2016-2018,28.98,Female,40-44 years,All,All
S12000035,2016-2018,45.8,Female,20-24 years,All,All
S12000035,2016-2018,21.38,Female,50-54 years,All,All
S12000035,2016-2018,25.11,Female,45-49 years,All,All
S12000033,2016-2018,14.54,Female,60-64 years,All,All
S12000033,2016-2018,17.7,Female,55-59 years,All,All
S12000033,2016-2018,21.11,Female,50-54 years,All,All
S12000033,2016-2018,6.43,Female,75-79 years,All,All
S12000033,2016-2018,8.88,Female,70-74 years,All,All
S12000033,2016-2018,32.35,Female,35-39 years,All,All
S12000033,2016-2018,28.4,Female,40-44 years,All,All
S12000033,2016-2018,36.44,Female,30-34 years,All,All
S12000033,2016-2018,11.55,Female,65-69 years,All,All
S12000033,2016-2018,24.68,Female,45-49 years,All,All
